གང་ཞིག་	དྲན་	པ	ས་	ལུགས་	གཉིས་	ཀྱི	༑ །	བློ་གྲོས་	ནོར་བུ	འི་	གཏེར་	གྱི་	སྒོ	 །	འབྱེད་	མཛད་	རྒྱལ་བ	འི་	མཁྱེན་རབ་	གཏེར	། །	འཇམ་དཔལ་	དཔའ་བོ	ས་	ཁྱོད་	ལ་	སྲུངས	། །	
འཇིག་རྟེན་	འདི་	ན་	བསྔགས་	འོས་	པ	། །	ལྷ་	དང་	དཔལ་	ཞེས་བྱ་བ་	གཉིས	༑ 	
ཁབ་	ལེན་	རྡོ་	ཡིས་	ལྕགས་	བཞིན་	དུ	། །	རང་	གི་	རྒྱུད་	ལ་	འགུག་	འདོད་	པ	ས	། །	གདམས་ངག་	ཟབ་མོ	འི་	ཚིག་	འདི་	རྣམས	། །	བལྟ་	ཞིང་	དེ་	དོན་	བསམ་པ་	དང༌	། །	བསམས་	ནས་	དེ་	ལ་	ཡིད་	ཆེས་	པ	ས	༑ །	དེ་	ཡི་	དོན་	བཞིན་	སྤྱད་	པ	ར་	བྱ	། །	
འཇིག་རྟེན་	ཁམས་	ན་	ཡ་རབས་	དང༌	། །	མ་རབས་	སྤྱོད་པ་	གཉིས་	སུ་	ངེས	། །	
ཡ་རབས་	ལམ་	ནས་	འདི་	ཕྱི་	བདེ	། །	
མ་རབས་	ལམ་	ནས་	འདི་	ཕྱི	ར་	ཕུང༌	། །	
ཡ་རབས་	ཆུང་ངུ་	འཇིག་རྟེན་	ལུགས	། །	
ཡ་རབས་	ཆེན་པོ་	འཕགས་པ	འི་	ལམ	། །	
མི་ཆོས་	ཆོས་	ཀྱི་	རྩ་བ་	ཡིན	། །	
འཇིག་རྟེན་	ཡ་རབས་	སྤྱོད་པ་	ཞིག	 །	མེད་	པ་	དེ་	ལ་	ཆོས་	ཀྱི་	ཚུལ	། །	ཡོད་	པ་	ནམ་	ཡང་	མི་	སྲིད་	དེ	། །	རྩ་བ་	མེད་	པ	འི་	སྡོང་པོ་	དང༌	། །	ནོར་	མེད་	པ་	ལ་	ནོར་བུ་	བཞིན	། །	
སྐྱེ་བོ་	འདི་	ཡི་	གོ་རིམ་	ནི	། །	གཞན་	གྱི་	བྱས་པ་	ཅང་	མེད་	ཀྱང༌	། །	འཇིག་རྟེན་	ཡ་རབས་	སྤྱོད་པ་	ནི	། །	ཆུང་	འབྲིང་	ཆེན་པོ	ས་	རིམ་	བཞིན་	བྱས	། །	
འདི་	ན་	ཐམས་ཅད་	བདེ་	ལ་	དགའ	། །	
ཀུན་	ཀྱང་	རང་དོན་	ཁོ་ན	ར་	གཉེར	། །	
འཕགས་པ་	མིན་	པ	འི་	སྐྱེ་བོ་	ཕལ	། །	ཚུལ་	འདི་	མིན་	པ་	གཞན་	ཡོད་	མིན	། །	
འོན་ཀྱང་	སྔོན་	གྱི་	ལས་	དབང་	གིས	༑ །	ལ་ལ་	དཔལ་	གྱི་	ནོར་	དུ་	རྙེད	། །	
ལ་ལ་	བྱུར་	གྱི་	རྣམས་ནད་	ཟིན	། །	
ཀྱེ་མ་	སྐྱེ་དགུ	འི་	བདེ་	སྡུག་	ལྟོས	། །	
ཟས་	མེད་	ལྟོ་	ཡི་	སྡུག་བསྔལ་	ཏེ	། །	གྲགས་	མེད་	ཡིད་	ཀྱི་	སྡུག་བསྔལ་	ཡིན	། །	
གང་	ལ་	གྲགས་པ	འི་	དཔལ་	གནས་	ན	། །	ཟས་	ནོར་	འབྱོར་པ་	མདུན་	དུ་	འཕྱུར	། །	
དེ་	ཕྱིར་	ཤེད་	བྱེ་	ཚུན་ཆད་	ནས	༑ །	ཀུན་	ཀྱང་	སྙན་གྲགས་	རོ་	ལ་	རྒྱུག	 །	
ཀྱེ་མ་	སྙན་པ	འི་	ཡིད་འོང་མ	། །	ཕལ་	ལ་	འབྲོས་	པ་	ལྟ་བུ	ར་	གྱུར	། །	
དེ་	ཡི་	རྒྱུ་མཚན་	བཤད་	པ་	ན	། །	སྔོན་	གྱི་	བསོད་ནམས་	མཐུ་	ཆུང་	བ	ས	། །	རྒྱ་ཇ་	ཚགས་	ལ་	དྲངས་	པ་	ལྟར	། །	ལོག་པ་	འདྲེན་	ཅིང་	བཟང་པོ་	ཤོར	། །	
ཕ་མ་	སློབ་དཔོན་	རྒན་རབས་	དང༌	། །	ཕན་	བྱེད་	དྲིན་	གཟོ་	ཆུང་བ་	ཡིས	། །	སྐྱོབ་	བྱེད་	ལྷ་	ཡི་	དགོངས་པ་	ཁྲེལ	། །	
སྡོང་གྲོགས་	མེད་	པ	འི་	རོ་	ལྟ	ར་	གྱུར	༑ །	
འདི་	ཕྱི	འི་	ཁྲེལ་	དང་	རྒྱུ་	འབྲས་	ལ	། །	རྩི་	བཞག་	ཆུང་	བ	ས་	གཏམ་	དང་	མནའ	། །	ཇི་	སྨྲས་	གཅིག་	ཏུ་	མི་ཆོད་	པ	ས	། །	དྲང་མཁན་	གཉན་པོ་	ཐུགས་	སུན་ཕྱུང༌	། །	
ཕན་	གནོད་	གོ་	ལོག་	བབ་	བབ་	སྤྱོད	༑ །	
ཐུབ་	ན་	ལྷ་	ཡང་	བྲན་	དུ་	བཀོལ	། །	
མ་ཐུབ་	དགྲ་	ཡང་	མཆོད་	བྱས་	པ	ས	། །	ཕོ་ལྷ་	ཝེར་མ་	གཏིང་	ནས་	ཁྲོས	། །	
མཆོག་	གསུམ་	བཀུར་	བཟོས་	ཡིད་ཆེས་	ཆུང༌	། །	
མངོན་སུམ་	དང་	ནི་	ལྐོག་གྱུར་	དང༌	༑ །	སྔ་	ཕྱི	འི་	བྱ་བ་	མི་མཚུངས་	པ	ས	། །	ཆོས་སྐྱོང་	དམ་ཅན་	ཐུགས་སྐྱོ་	འཕེལ	། །	
ལ་ཡོག་	དང་	ནི་	ཁྲེལ་	དང་	མནལ	། །	ཉོས་	པ	འི་	ཟས་	ནོར་	དོགས་	མེད་	སྤྱོད	། །	
གཏམ་ངན་	མི་ཁ་	མི་འཛེམས་	པ	ས	། །	ལུས་ལྷ་	ཕྲག་ལྷ་	གནམ་	དུ་	ཡལ	། །	
གཞན་	གྱི་	ཕུན་ཚོགས་	དཔལ་འབྱོར་	ལ	། །	དོན་	མེད་	སེམས་	ཀྱི་	ཟུག་རྔུ!	ར་	ལྡང༌	། །	
ཐམས་ཅད་	སྨད་པ་	ལྷུར་	བླང་	བ	ས	། །	མགོན་	སྐྱབས་	ལྷ་	སྲུང་	ནུས་པ་	ཟད	། །	
དེ་	ལ་སོགས་པ	འི་	རྒྱུ་	རྐྱེན་	གྱིས	། །	རང་	གི་	ཕུན་ཚོགས་	འཇོམས་	པ་	ཡི	། །	མི་གཙང་	རྫིང་བུ	ར་	གནས་	བཞིན་	དུ	༑ །	ལྷ་	བརྒྱ་	ཀླུ་	སྟོང་	བོས་	ན་	ཡང༌	། །	དྲུང་	དུ་	འདུ་	བ	ར་	ཤིན་ཏུ་	དཀའ	། །	
དེ་	ཚེ་	ཀྱེ་མ་	བདག་	གིས་	ནི	། །	རིམ་འགྲོ་	འདི་ཙམ་	བགྱིས་	ན་	ཡང༌	། །	བྱ་བ་	ལས་	ཀྱི་	སྟོབས་ཤུགས་	ལ	། །	ཅུང་ཟད་	ཕན་པ་	མེད་	དོ་	ཟེར	༑ །	
སྙིགས་མ	འི་	སྐྱེ་བོ་	བསོད་ནམས་	ཞན	། །	
འཕྲལ་	ལ	འང་	སྤྱོད་པ་	མི་མཁས་	པ	། །	
འདི་འདྲ	འི་	ལེ་	ལན་	ཤེས་	གྱིས་	ལ	། །	ཁྱོད་	ནི་	འདི་	ལས་	ལྡོག་	པ	ར་	མཛོད	། །	
སྐྱེ་བོ་	ཕལ་ཆེར་	བདག་ཉིད་	ལ	། །	དཔལ་	ཀུན་	འདུ་	བ	ར་	འདོད་	ན་	ཡང༌	། །	ཞིང་ས་	ངན་	ལ་	ས་བོན་	བཞིན	། །	གཞི་རྩ་	འཕྱུགས་	པ་	མི་ཤེས་	སོ	། །	
བློ་ལྡན་	བསོད་ནམས་	ལྡན་	པ་	ལ	། །	ཡོན་ཏན་	ལྡན་	པ་	ཆོས་ཉིད་	དེ	། །	ཡོན་ཏན་	ལྡན་	ན་	ལྷ་རྣམས་	ཀྱང༌	། །	མ་བོས་	རང་	གིས་	འདུ་	བ་	ཡིན	། །	
གང་	ལ་	ངོ་ལྐོག་	མེད་	པ་	ཡི	། །	དམ་བཅའ་	ཤིན་ཏུ་	བརྟན་	པ་	ལ	། །	ཆུ་བུར་	མིག་ཅན་རྣམས་	དགའ་	ན	། །	ལྷ་	མིག་	ལྡན་	པ་	སྨོས་	ཅི་	འཚལ	། །	
བྱས་	པ་	དྲིན་	དུ་	གཟོ་	བ་	དང༌	། །	རྒྱུ་འབྲས་	གོ་	ལོག་	མི་འཛིན་	ལ	། །	མི་	ཡང་	ཕན་	པ	འི་	ཐབས་	རྩོམ་	ན	། །	དཀར་ཕྱོགས་	ལྷ་རྣམས་	སྨོས་	ཅི་	འཚལ	། །	
གང་	ན་	སྙིང་སྟོབས་	མི་ཞུམ་	པ	ས	། །	དགྲ་	གཉེན་	བྱམས་	སྡང་	མི་ལོག་	པ	། །	རྗེ་	བཟང་	སྤྱན་རས་	ཀྱིས་	བཙའ་	ན	། །	དགྲ་བླ་	ཝེར་མ	ས་	སྨོས་	ཅི་	འཚལ	། །	
གང་	ན་	སྤང་བླང་	བྱ་	བ་	ནི	། །	མི་	ལ་	གསང་	སྟེ་	བྱས་	ན་	ཡང༌	། །	ལྷ་	ལ་	སྦེད་	པ	ར་	མི་ནུས་	པ	ས	། །	ལྷ་	འགྲུབ་	པ་	ལ་	དམ་ཚིག་	གཙོ	། །	
གང་	ན་	དམ་བཅ	འི་	ཚིག་	བརྟན་	ཅིང༌	། །	དོན་	ཆེན་	བསྒྲུབ་	ལ་	བློ	འི་	ནུས་པ	། །	སྟོབས་	དང་	ལྡན་	པ	ར་	གྱུར་	པ་	ལ	། །	ལྷ་	ཡང་	སྐྲག་	ན་	གཞན་	ལྟ་	ཅི	། 	
དེ་ནས་	ཕོ་ལྷ་	དགྲ་ལྷ་	ཡི	། །	རྫོགས་ཆེན་	རང་	གི་	ལུས་	དང་	སེམས	། །	སྤྱོད་ངན་	མི་གཙང་	ཕྱག་དར་	གྱིས	། །	ཡོན་ཏན་	མཆོད་པ	འི་	བཀོད་པ་	ཤོམས	༑ །	
དེ་ནས་	མ་བོས་	བཞིན་	དུ་	ཡང༌	། །	དགྲ་ལྷ་	མཚོ་	ལ་	ངང་པ་	བཞིན	། །	ཝེར་མ་	པད་ཚལ་	བུང་བ་	ལྟར	། །	ངང་	གིས་	འདུ་	བ་	ཆོས་ཉིད་	ཡིན	། །	
གང་	ལ་	ལྷ་	ཡི་	མགོན་	བྱས་	པ	འི	། །	མི་	དེ་	གཅིག་པུ	ར་	གྱུར་	ན་	ཡང༌	། །	སྟོང་ཕྲག་	དུ་མ	འི་	མི་དག་	དང༌	། །	ནུས་པ་	ཀུན་	ནས་	མཉམ་པ་	ཡིན	། །	
ལྷ་	ཡིས་	ལག་	ནས་	དྲངས་	གྱུར་	པ	། །	བཟང་པོ	འི་	སྐས་	ལ་	འཛེག་	གྱུར་	ན	། །	མཐོ་	དང་	བདེ་	དང་	གྲགས་པ་	ཡི	། །	གཞལ་	མེད་	ཁང་པ	ར་	ཡང་དག་	རོལ	། །	
དཔལ་	རྗེས་?	བསྙེགས་	པ	ས་	དཔལ་	མི་	འདུ	། །	
དཔལ་	གྱི་	འཁྲི་ཤིང་	བཟང་པོ་	འདི	། །	ཡ་རབས་	སྤྱོད་པ	འི་	ཚལ་	ན་	ནི	། །	གཡོ་བ་	མེད་	པ་	གནས་	ཞེས་	གྲགས	། །	
སྙིགས་མ	འི་	མི་རྣམས་	བསོད་ནམས་	དམན	། །	
དེ་	ཕྱིར་	བློ་	རྒྱ་	ཆེ་བ་	དཀོན	། །	
དེས་ན་	ཡ་རབས་	སྤྱོད་པ་	ལ	། །	བཅུག་	ཀྱང་	ཤེས་	པ་	ཤིན་ཏུ་	དཀའ	། །	
གནའ་བོ	འི་	ལུགས་	དང་	དམ་པ	འི་	སྲོལ	། །	རྩི་བཞག་	ཤིན་ཏུ་	ཆུང་	བ་	ཡི	། 	མ་རབས་རྣམས་	ཀྱི་	ནང་	དུ་	ནི	། །	ཡ་རབས་	སྤྱོད་པ་	གསལ་	མི་	འགྱུར	། །	
ས་	འདི་	མ་རབས་	ཀྱིས་	གང་	ཡང༌	། །	རང་ཉིད་	ཡ་རབས་	སྤྱོད་པ་	བྱ	། 	
དེ་ལྟ་ན་	ནི་	ཆོས་ཉིད་	ཀྱིས	། །	རང་	ལ་	ཕུན་སུམ་	ཚོགས་	པ	ར་	འགྱུར	། །	
ཡ་རབས་	དམ་པ	འི་	སྤྱོད་པ་	ཡི	། །	རྩ་བ་	བློ་	དང་	ཟུང་ཐུབ་	ཡིན	། །	
སྡོང་པོ་	ཁྲེལ་	དང་	བག་ཡོད་	ཡིན	། །	
ཡལ་ག་	དྲང་	དང་	དམ་བཅའ་	བརྟན	། །	
ལོ་མ་	བྱས་	ཤེས་	གཞན་	ཕན་	བརྩོན	། །	
མེ་ཏོག་	དད་	དང་	གཏོང་ཕོད་	དེ	། །	
འབྲས་བུ་	བདེ་	དང་	གྲགས་པ	ར་	སྨིན	། །	
འདི་རྣམས་	མེད་	དུ་	མི་	རུང་	ངོ	། །	
བློ་	ཞེས་བྱ་བ་	ཤེས་རབ་	སྟེ	། །	བླང་	དོར་	མ་ནོར་	འབྱེད་	པ་	ཡིན	། །	
མིག་	དང་	འདྲ་	བ་	འདི་	མེད་	ན	། །	ཡོན་ཏན་	གཞན་	གྱི་	གོ་སྐབས་	འགག	 །	
དེ་	ལ	འང་	བླང་དོར་	བྱ་	བ་	ལ	། །	ཤིན་ཏུ་	ཞིབ་མོ	ར་	ཕྱེ་	ཞིང་	དཔྱད	། །	
མི་ཤེས་	པ་	དང་	མ་བརྟག་	པ	། །	འདི་	ཡིས་	འཇིག་རྟེན་	སྐྱེ་བོ་	ཕུང༌	། །	
ན་ཚོད་	མ་སྨིན་	པ་	དང་	ནི	། །	ས་	རྒྱ་	ཆུང་ངུ	འི་	རང་	མཐོང་	གིས	། །	སྐྱེ་བོ་	རང་	གིས་	སྔར་	བྱས་	ལ	། །	རང་ཉིད་	ཁྲེལ་	པ་	མང་	དུ་	འོང༌	། 	
དེ་	ཕྱིར་	བཟང་ངན་	བྱ་བ	འི་	རིགས	། །	མཐོང་བ་	ཤིན་ཏུ་	རྒྱ་	ཆེ་	ཞིང༌	། 	ཁྱད་པར་	ཆབ་སྲིད་	ཆེན་པོ	འི་	སྲོལ	། །	མཐོང་	ཞིང་	ཐོས་	པ་	གནད་	དུ་	ཆེ	། །	
ནམ་ཞིག་	བཟང་	ཤོང་	ངན་	ཤོང་	བ	འི	། །	མཐོང་	རྒྱ་	ཡངས་པོ་	སྐྱེད་	པ་	ན	། །	ད་	གདོད་	སྐྱེ་བོ	འི་	གྲལ་	དུ་	ཚུད	། །	
དེ་	ཕྱིར་	མཐོང་	རྒྱ་	ཆེ་	བ་	གཙོ	། །	
དེ་	སླད་	བློ་	དང་	ལྡན་	པ་	རྣམས	། །	ཤིན་ཏུ་	ཕུགས་	སུ་	ཕན་	པ་	ཡི	། །	མིག་	རྒྱང་	རིང་པོ	ར་	བལྟ་	བྱ་	ཞིང༌	། །	བློ་སྟོབས་	རྒྱ་ཆེ	ར་	བསྐྱེད་	པ	ར་	བྱ	། །	
བློ་ཆུང་	ཕྱི་	ཐག་	ཐུང་	བ་	འདི	། །	རང་	དང་	གཞན་	གྱི་	དོན་དག་	ལ	༑ །	འབད་	ཀྱང་	བྱིས་པ	ས་	མཁར་ལས་	བཞིན	། །	འབྲས་བུ་	ཤིན་ཏུ་	ཆུང་བ་	ཡིན	། །	
ཕལ་ཆེར་	རང་	གིས་	ཤེས་	པ	འམ	། །	མི་ཤེས་	ན་	ཡང་	མཁས་པ	ར་	དྲི	། 	
མཁས་པ	འི་	བསྟན་བཅོས་རྣམས་	ལ་	བལྟ	། །	
མཁས་	དང་	བླུན་པོ	འི་	ཁྱད་པར་	བསམ	། །	
དེ་ལྟར་	བྱས་	ན་	ཆོས་ཉིད་	ཀྱི	། །	བློ་གྲོས་	དེ་	བ	ས་	ཇེ་བཟང་	འགྱུར	། །	
བློ་གྲོས་	ཇི་ཙམ་	འཕེལ་བ་	ན	། །	ཡ་རབས་	སྤྱོད་པ་	དེ་	ཙམ་	འཕེལ	། །	
སྤྱོད་པ་	བཟང་པོ་	འཕེལ་	བ་	ན	། །	དཔལ་རྣམས་	དབྱར་	གྱི་	ཆུ་	བཞིན་	འཕེལ	། །	
དེ་	ལས་	ལོ་	ཟླ་	ཞག་	རེ་	བཞིན	། །	རང་	ལ་	རང་	སྐྱེད་	འདོན་	པ	ར་	གྱིས	། །	
རང་	ལས་	གཅེས་	པ	ར་	གྱུར་	པ་	ནི	། །	འཇིག་རྟེན་	འདི་	ན་	མེད་	བཞིན་	དུ	༑ །	རང་	གི་	སྐྱོན་	ཡོན་	མི་བསམ་	པ	། །	དུད་འགྲོ་རྣམས་	དང་	ཁྱད་པར་	ཅི	། །	
འཕྲལ་	གྱི་	ཚོང་	སོགས་	བྱ་བ་	ཕལ	། །	རང་	གིས་	དཔྱད་	ཅིང་	གཞན་	ལ་	དྲི	། །	
ཚེ་	གང་	བླང་དོར་	བྱ་བ་	ལ	། །	མི་དཔྱད་	མི་འདྲི་	བླུན་	མིན་	ནམ	། །	
སྐྱོན་	མེད་	སྐྱེ་བོ་	དཀོན་	ན་	ཡང༌	། །	སྐྱོན་རྣམས་	སྐྱོན་	དུ་	ཤེས་	བྱས་	ནས	། །	སྤང་	ན་	སྐྱོན་	ཀུན་	འདུས་བྱས་?	ཉིད	། །	ཡིན་	ཕྱིར་	སྤྲིན་	བྲལ་	ཟླ་	འདྲ	ར་	འགྱུར	། །	
ཡོན་ཏན་	ཀུན་	ཚང་	དཀའ་	ན	འང༌	༑ །	ཡོན་ཏན་	ཉིད་	ལ་	དགའ་	བྱས་	ནས	། །	བླང་བྱ	འི་	ཡོན་ཏན་	གོམས་	བྱས་	ན	། །	ནམ་ཞིག་	ཡོན་ཏན་	ཆེན་པོ	ར་	འགྱུར	། །	
སྐྱོན་	ལ་	སྐྱོན་	དུ་	མ་ཤེས་	པ	། །	དེ་སྲིད་	སྐྱོན་	ལ་	རབ་ཏུ་	འཇུག	 །	
དེ་	བཞིན་	སྐྱོན་	གྱི་	རྒྱུན་	སྐྱོང་	ན	། །	ཡོན་ཏན་	སྔར་	ཡོད་དག་	ཀྱང་	འགྲིབ	། །	
ཡོན་ཏན་	ཅི་	ཙམ་	གོམས་	གྱུར་	པ	། །	དེ་ལྟ་	དེ་ལྟར་	སྐྱོན་	ལས་	གྲོལ	། །	
མ་བརྟག་	བཏང་སྙོམས་	ངང་	གནས་	ན	། །	ལོ་	བརྒྱ་	སོང་	ཡང་	བཟང་	སྐྱེད་	མེད	༑ །	
རང་རྒྱུད་	ཡོན་ཏན་	འཕེལ་	བ་	ན	། །	མི་མཉམ་པ་	དང་	མཉམ་པ	ར་	འགྱུར	། །	
མཉམ་པ་རྣམས་	ལས་	ཁྱད་	དུ་	ཐོན	། །	
གོང་	ནས་	གོང་	དུ་	འཕར་	ཏེ་	འགྲོ	 །	
རང་རྒྱུད་	སྐྱོན་	གྱི་	ཆ་	འཕེལ་	ན	། །	རི་གཟར་	དག་	གི་	འབབ་ཆུ་	བཞིན	། །	འོག་	ནས་	འོག་	ཏུ་	འགྲོ་	བ་	ལ	། །	ལག་	ནས་	དྲངས་	ཀྱང་	ལྡོག་	མི་བཏུབ	། །	
དེ་	ཕྱིར་	བདག་	ལ་	ཕན་	འདོད་	པ	ས	། །	རང་རྒྱུད་	སྐྱོན་	གྱི་	ཆ་	སྤོངས་	ལ	། །	ཡོན་ཏན་	དེ་	བ	ས་	ཇེ་ཆེ་	རུ	། །	སྤེལ་	བ་	འདི་	ལ་	ནན་ཏན་	མཛོད	། །	
དེ་དག་	བླང་དོར་	ཤེས་	པ་	ལ	། །	རག་ལས་	པ	ས་	ན་	དམ་པ་	དང༌	། །	དམ་པ	འི་	གསུང་	ལ་	རབ་	དགའ་	བ	ས	། །	རྟག་	ཏུ་	བསྒྲིམ་	སྟེ་	ཉམས་	སུ་	ལོངས	། ༈ །	
སྐྱེ་བོ་	ཟུང་	ཐུབ་	གང་ཞེ་ན	། །	ཡིད་	བརྟན་	གནས་	སུ་	གྱུར་	པ་	ཡིན	། །	
ཟུང་	མི་ཐུབ་	ལ་	ཡོན་ཏན་	མཆོག	 །	མི་སྲིད་	ཆུ་	ལ་	རི་མོ་	བཞིན	༑ །	
ཟུང་	ཐུབ་	ཡོད་	ན་	གཞན་	མེད་	ཀྱང༌	། །	ཡོན་ཏན་	བརྒྱ་	གོ་	གཅིག་	ཆོད་	ཡིན	། །	
མི་ཆོས་	རྩ་བ་	འདི་	མེད་	ན	། །	ཡོན་ཏན་	གཞན་	ལ་	རེ་ཐག་	ཆད	། །	
རང་ཉིད་	ཡོན་ཏན་	ལམ་	ནས་	ཀྱང༌	། །	མི་ལྡོག་	རང་	ལ་	ཡིད་	རྟོན་	པ	འི	། །	སྐྱེ་བོ་	ནམ་	ཡང་	མི་བསླུ་	བ	། །	ཟུང་	ཐུབ་	ཅེས་	གྲགས་	མི་	ཡི་	མཆོག	 །	
ལུས་	ཟུང་	ཐུབ་	པ་	སེང་གེ་	འདྲ	། །	
བརྙས་	སུ་	མི་བཏུབ་	ཟིལ་	གནོན་	ཆེ	། །	
ངག་	ཟུང་	ཐུབ་	པ་	དྲང་སྲོང་	འདྲ	། །	
སྐྱེ་བོ་	ཐམས་ཅད་	ཡིད་ཆེས་	དགའ	། །	
ཡིད་	ཀྱི་	ཟུང་	ཐུབ་	ནོར་བུ་	འདྲ	། །	
བདག་	དང་	གཞན་	གྱི་	འདོད་པ་	འཇོ	། །	
ལུས་	ཀྱི་	ཟུང་	མ་ཐུབ་	པ་	དེ	། །	ཁྱུ་མཆོག་	རྭ་ཆད་	བཞིན་	དུ་	བརྙས	། །	
ངག་	གི་	ཟུང་	མ་ཐུབ་	པ་	དེ	༑ 	ཁ་	བཞིན་	གཞན་	གྱིས་	སྡང་	ཞིང་	གཤེ	། །	
ཡིད་	ཀྱི་	ཟུང་	མ་ཐུབ་	པ་	དེ	། །	རླུང་	ཁྱེར་	རྫས་	བཞིན་	གཏོལ་མེད་	འགྲོ	 །	
བློ་	ཡིས་	མ་ནོར་	འབྱེད་པ་	བཞིན	། །	བཟང་པོ	འི་	ལམ་	ལ་	ཟུང་	ཐུབ་པ	ར	། །	གནས་	ན་	མི་ཆོས་	དམ་པ་	ཡི	། །	དཔག་	བསམ་	བཟང་པོ་	རྩ་བ་	ཟུག	 ༈ །	
ཁྲེལ་ཡོད་	ཅེས་བྱ་	གང་ཞེ་ན	། །	མ་རབས་	ངན་པ	འི་	བྱ་བ་	ལ	། །	ཤིན་ཏུ་	སྐྱོ་	ཞིང་	སུན་	པ་	སྟེ	། །	འདི་	ནི་	ལུགས་	གཉིས་	གོས་བཟང་	ཡིན	། །	
ཇི་ལྟར་	སྐྱེ་བོ	འི་	མདུན་ས་	རུ	། །	མི་གཙང་	སྟོང་	གིས་	སྦགས་	བཞིན་	དུ	། །	གཅེར་བུ	ར་	རྒྱུ་བ་	ངོ་ཚ་	མིན	། །	
ཁྲེལ་མེད་	འདི་ཀོ་	ངོ་ཚ་	ཆེ	། །	
མི་གཙང་	གཙང་མ	འི་	ཁྲུས་	ཀྱིས་	དག	 །	
གཅེར་བུ	ར་	བཟང་དགུ	ས་	བརྒྱན་	དུ་	རུང༌	། 	
ཁྲེལ་མེད་	ཁྲུས་	ཀྱིས་	མ་དག་	ལ	། །	བཟང་པོ	ས་	བརྒྱན་	ཀྱང་	མཛེས་	མི་འགྱུར	། །	
ཕན་	ལ་	བྱས་	པ་	མི་གཟོ་	དང༌	། །	ངན་	ལ་	རྟིང་	གཅོད་	ཅི་ཡང་	མེད	། །	
ཅི་	མེད་	ཅང་	མེད་	གཏོལ་	མེད་	པོ	༑ །	འདི་འདྲ་	འདི་	ཡང་	ཁྲེལ་མེད་	ཡིན	། །	
ངན་	སྨྲས་	གྱུར་	ཀྱང་	འཛེམ་བག་	ཆུང༌	། །	
ཕན་	པ	འི་	གཏམ་	ལ་	རྣ་	མི་གཏོད	། །	
བཟང་པོ	འི་	གནས་	ལ་	རེ་ཐག་	ཟད	། །	
འདི་འདྲ་	འདི་	ཡང་	ཁྲེལ་མེད་	ཡིན	། །	
ནང་	གི་	གསང་གཏམ་	ཁ་	རུ་	བྱུང༌	། །	
རེ་ལྟོས་ཅན་	ལ་	ཡི་ཆད་	བསྐྱེད	། །	
མཆོད་	འོས་	གྱུར་	ཀྱང་	བདག་	མི་སེམས	། །	
འདི་འདྲ་	འདི་	ཡང་	ཁྲེལ་མེད་	ཡིན	། །	
བཟང་པོ	འི་	ཚུལ་	དང་	བཟང་པོ	འི་	གཏམ	། །	ཐོས་	ན་	དགའ་	བ	ར་	མི་	བྱེད་	ཅིང༌	། །	དམ་པ་	བརྟེན་	པ	ར་	མི་བྱེད་	པ	། །	འདི་འདྲ་	འདི་	ཡང་	ཁྲེལ་མེད་	ཡིན	། །	
མ་རབས་	སྡིག་	སྤྱོད་	གདོལ་པ	འི་	གྲོགས	། །	བླུན་པོ	འི་	ཁྱུ་	ན་	འདོད་རྒུ	ར་	རྩེ	། །	
ལུགས་	གཉིས་	སྤྱོད་པ་	རྒྱབ་	ཏུ་	དོར	། །	
འདི་འདྲ་	འདི་	ཡང་	ཁྲེལ་མེད་	ཡིན	། །	
ཉིན་	སྣང་	ཆང་	དང་	རྒྱན་པོ་	སོགས	། །	གྲགས་པ་	ཉམས་	པ	འི་	རྒྱུ་	ཡིས་	གཡེངས	། །	
མཚན་མོ་	འཁྲིག་པ་	ཁོ་ན	ས་	འདའ	། །	
འདི་འདྲ་	འདི་	ཡང་	ཁྲེལ་མེད་	ཡིན	། །	
དོན་	མེད་	གཡེངས་	པ	འི་	མནོག་ཆུང་	གི	 །	ལས་	དང་	སྡིག་པ་	སྣ་ཚོགས་	ལ	། །	འཇུག་	ཀྱང་	ངོ་ཚ་	མི་ཤེས་	པ	། །	འདི་འདྲ་	འདི་	ཡང་	ཁྲེལ་མེད་	ཡིན	། །	
དམ་པ	འི་	ཚུལ་	དང་	བསྟན་བཅོས་	གཞུང༌	། །	མཐོང་	ན་	དགའ་	བ	ར་	མི་བྱེད་	ཅིང༌	། །	དེ་	ཡི་	རྗེས་	སུ་	མི་སེམས་	པ	། །	འདི་འདྲ་	འདི་	ཡང་	ཁྲེལ་མེད་	ཡིན	། 	
མདོར་ན་	བླང་དོར་	བྱ་བ་	ལ	། །	བརྟན་	ཅིང་	འཇུག་	པ	ར་	མི་བྱེད་	པ	འི	། །	ལུགས་	གཉིས་	ལམ་	ནས་	གང་	འདའ་	བ	། །	བླུན་པོ་	ཁྲེལ་	མེད་	ཅེས་བྱ་	ཡིན	། །	
ཁྲེལ་	དང་	ལྡན་	པ་	དེ་	ཡིས་	དེ	། །	ཕྱིན་	ཅི་	ལོག་	གི་	གཡེངས་	ལས་	སྐྱོབ	། །	
ཁྲེལ་	མེད་	སྙིང་	མེད་	པོ་	དེ་	ལ	། །	གདམས་ངག་རྣམས་	ནི་	ཅི་ཞིག་	བྱ	། །	
དེ་ནས་	ཁྲེལ་	དང་	ལྡན་པ་	དག	 །	ལུགས་	གཉིས་	བྱ་བ་	བཟང་པོ་	ཡི	། །	ལམ་སྲོལ་	འདི་	ལས་	མ་འདས་	པ	ར	༑ 	རྟག་	ཏུ་	བག་ཡོད་	སྙིང་པོ	ར་	བྱ	། །	
བག་ཡོད་	ཅེས་བྱ་	གང་ཞེ་ན	། །	གཡང་	ཁ	ར་	འདུག་	པ	འི་	མི་	བཞིན་	དུ	། །	རང་	གིས་	རང་ཚུལ་	བསྲུང་	བ་	ལ	། 	རྟག་	ཏུ་	གཟོབ་	པ་	ལྷུར་	ལེན་	པ	འོ	། །	
བྱིས་པ་	མནོག་	ཆུང་	རྩེད་མོ	ས་	བསླུ	། །	
དར་མ་	ཆགས་	སྡང་	ཡུལ་	གྱིས་	བསླུ	། །	
རྒན་པ་	ལུས་	སེམས་	རྒུད་	པ	ས་	བསླུ	། །	
བག་མེད་	ནམ་	ཡང་	བསླུ་	ཞིང་	བསླུས	། །	
འདོད་	དང་	རྨོངས་པ	ས་	བསླུས་	ནས་	སུ	། །	འཇིགས་	རུང་	འཁོར་བ	འི་	འདམ་	དུ་	སྐྱུར	། །	
ད་རུང་	འདོད་	རྨོངས་	ཁ་	ཐལ་	བ	ས	། །	མ་རབས་	ལན་	ནས་	དམན་པ	ར་	བསླུ	༑ །	
བག་མེད་	བདུད་	ཀྱི་	ལྕགས་ཀྱུ་	འདི	ས	། 	ཁྲི་	དང་	གདུགས་	ཀྱི་	བར་	ནས་	ཀྱང༌	། །	ཡུད་	ཙམ་	གྱིས་	ནི་	འགྲོ་	བ་	འདི	། །	དམན་པ	འི་	གནས་	སུ་	བསྒྱུར་	བ	ར་	བྱེད	། །	
བུད་མེད་	གཞོན་ནུ་	བཙུན་	པ	འི་	དགྲ	 །	
ཕྱུག་	དབུལ་	རྒྱལ་ཁྲིམས་	མཁན་པོ	འི་	དགྲ	 །	
འཁོར་	ངན་	ངོ་སྲུང་	གཙོ་བོ	འི་	དགྲ	 །	
དགྲ་	འདི	ས་	གང་	བཅོམ་	ངེས་པ	ར་	བཅོམ	། །	
སྐྱེ་བོ	འི་	དཔལ་འབྱོར་	གློག་	ལྟར་	གཡོ	། །	ལུས་	ཀྱང་	ཆུ་བུར་	ལྟར་	འཇིག་	ཅིང༌	༑ །	ནད་	དང་	གདོན་	དང་	འཇིགས་པ་	ནི	། །	ཤིན་ཏུ་	མང་	བ	འི་	དབུས་	གནས་	པ	། །	རླུང་	གསེབ་	མར་མེ་	ལྟ་བུ་	ལ	། །	ཡིད་	བརྟན་	ཅི་ཡང་	མེད་	བཞིན་	དུ	། །	འབྱུང་	འགྱུར་	གནས་	ལ་	མི་སེམས་	པ	ར	། །	བག་	བརྐྱང་	ཚུལ་	གྱིས་	ཇི་ལྟར་	གནས	། །	
མཐོན་པོ་རྣམས་	ཀྱང་	དམའ་བ་	དང༌	། །	འབྱོར་བ་རྣམས་	ཀྱང་	རྒུད་	འགྱུར་	ལ	། །	མཛེས་པ་རྣམས་	ཀྱང་	ཉམས་	འགྱུར་	བ	འི	། །	འདུས་བྱས་	འདི་	ཚུལ་	ཅི	ས་	མ་མཐོང༌	། །	
རང་	བློ་	ནང་	དུ་	བཀུག་	ནས་	སུ	། །	བག་	ཡོད་	པ	ར་	ནི་	མ་བྱས་	ན	། །	བདག་	སྐྱོན་	བདག་	གིས་	མི་ཤེས་	ཏེ	༑ །	གཞན་	གྱིས་	བཤད་	ཀྱང་	གོ་	བ	ར་	དཀའ	། །	
སྣ་ཚོགས་	ཡུལ་	རྐྱེན་	དང་	འཕྲད་	ཚེ	། །	ཅོལ་ཆུང་	ཤེས་པ་	ཁྱི་	བཞིན་	འཁྲིད	། །	
བཟང་	ཚུགས་	ཤོར་	བ	འི་	སྐྱེ་བོ་	ལ	། །	བཞད་གད་	བྱས་	ཀྱང་	བསྟོད་	པ	ར་	རློམ	། །	
སྲང་	ལ་	གཞལ་	བ	འི་	ལྗིད་	བཞིན་	དུ	། 	ལུགས་	གཉིས་	ཀྱི་	ནི་	བྱ་བ་	ལ	། །	བྱས་	པ	འི་	ལག་རྗེས་	ཆེ་	ཆུང་	གིས	། །	སྐྱེ་བོ་རྣམས་	ཀྱིས་	བཟང་	ངན་	ཤེས	། །	
བསམ་	མེད་	ཞེ་མདོ་	ཆུང་	བ་	རྣམས	། །	སྐྱེ་	བ	འི་	དུས་	དང་	རྒས་	པ	འི་	དུས	། །	ཉི་མ་	གཅིག་	ལ་	བྱུང་	བ་	ལྟར	། །	ཚེ་	གང་	འདི་	བྱས་	ངོ	ས་	བཟུང་	མེད	། །	
མཁས་རྣམས་	ཉི་མ་	རེ་རེ	ར་	ཡང༌	། །	ཆོས་	དང་	ནོར་	དང་	འདོད་	དང་	ཐར	། །	སྡེ་	བཞི	འི་	དོན་ཆེན་	ལྷུར་	བླང་	པ	ས	། །	ནམ་ཞིག་	གྲུབ་འབྲས་	རྒྱ་ཆེ་	ལྡན	། །	
དོན་	མེད་	པ་	དང་	དོན་	ཉམས་	པ	། །	ཀུན་	ཀྱང་	བག་མེད་	ལས་	བྱུང་	བ	ས	། །	ཉི་མ་	རེ་རེ་	བཞིན་	དུ་	ཡང༌	། །	བག་མེད་	སློང་	ལ་	དོན་	རེ་	བསྒྲུབ	། །	
སྤྱང་པོ་	སྤྱང་	མཐ	ར་	མ་ཕྱིན་	པ	ར	། །	སྤྱང་པོ་	འཚལ་	བ་	ཁྲམ་པ	འི་	རྒྱུ	། །	དོན་མེད་	ཀུན་	ལ་	མགོ་	བདེ་	བསྒྱུར	། །	འདི་འདྲ་	བག་	མེད་	པ་	ཡི་	སྐྱོན	། 	
ཁོང་	ཡངས་	ཤོང་	རྒྱ་	ཡོད་	ན་	ཡང༌	། །	ངང་	རིང་	ངང་	ནས་	བྱ་བ་	ཤོར	། །	
ཕན་	མེད་	གནོད་	མེད་	རྒྱ་མཚོ	འི་	རྡོ	། །	འདི་	ཡང་	བག་	མེད་	པ་	ཡི་	སྐྱོན	། །	
བློ་	ཆེན་	ཤེས་	རྒྱ་	མི་ཡངས་	པ	འི	། །	བྱ་	བྱེད་	ཆུ་བོ	འི་	རླབས་	ལྟར་	འཚུབ	། །	
བབ་	བབ་	སྤྱོད་	པ	ས་	ལུས་	སེམས་	འཁྲུག	 །	
འདི་	ཡང་	བག་	མེད་	པ་	ཡི་	སྐྱོན	། །	
གཏོང་	བ	འི་	བློ་སྟོབས་	མེད་	ན་	ཡང༌	། །	ཟས་	ནོར་	ཚགས་	སུ་	མི་འཛུད་	པ	ར	། །	ཞིག་	མིན་	ཞིག་པོ	འི་	བརྟུལ་ཞུགས་	ཅན	། །	འདི་	ཡང་	བག་	མེད་	པ་	ཡི་	སྐྱོན	། །	
བྱམས་བརྩེ	འི་	བློ་	རྒྱུད་	མ་	འབྱོང་	བ	ར	། །	དགྲ་བོ་	ཇི་	འདོད་	ལམ་	དུ་	བཏང༌	། །	
ཀུན་	ལ་	རང་	རྒྱུས་	གསལ་པོ	ར་	ངོམ	། །	
འདི་	ཡང་	བག་	མེད་	པ་	ཡི་	སྐྱོན	༑ །	
འཛིན་	མེད་	སྒྱུ་མ	ར་	མ་	ཤར་	བ	ར	། །	ལུས་	དང་	གཏམ་	དང་	སྤྱོད་ལམ་	ཀུན	། །	ཀུན་	དང་	འདྲེས་	པ	ས་	ཀུན་	གྱིས་	བརྙས	། །	
འདི་	ཡང་	བག་	མེད་	པ་	ཡི་	སྐྱོན	། །	
དགོས་	མེད་	སྐྱོ་ཤས་	མ་སྐྱེས་	པ	ར	། །	ཀུན་	དང་	མི་བསྟུན་	ཁོང་འཕྲིག་	ཅན	། །	རང་	གཞན་	སྣང་བ་	དགྲ་	རུ་	ལངས	། །	
འདི་	ཡང་	བག་	མེད་	པ་	ཡི་	སྐྱོན	༑ །	
དེ་	ལ་སོགས་པ	འི་	སྤྱོད་ལམ་	མཐའ	། །	ཡུལ་	དུས་	ཚད་	ལས་	བརྒལ་	བ	འི་	སྐྱོན	། །	བསྒྲིམ་	སྟེ་	བརྟགས་	པ	ར་	མ་བྱས་	པ	འི	། །	བག་	མེད་	པ་	ཡི་	རྒྱུ་	ལས་	བྱུང༌	། །	
ཕྱོགས་	སུ་	ལྷུང་	བ	འི་	སྤྱོད་པ་	ཡིས	། །	སྐྱེས་བུ	འི་	དོན་རྣམས་	མི་རྫོགས་	ཀྱི	། །	བསྒྲིམ་	སྟེ་	གང་	ལ	འང་	མ་ཐོགས་	པ	འི	། །	སྤྱོད་ལམ་	ཉི་	ཟླ	འི་	འགྲོས་	བཞིན་	བསྒྱུར	། །	
ཅི་	བྱ་	ཇི་	བྱེད་	ས་མཚམས་	ལ	། །	བསླུ་མེད་	རྒྱལ་བ	འི་	བཀའ་	ཡིན་	ཏེ	། །	མཚན་	ལྡན་	དགེ་བ	འི་	བཤེས་གཉེན་	ཀྱང༌	། །	དེ་ནས་	རང་སེམས་	དྲི་མེད་	ཡིན	། །	
འདི་	གསུམ་	ཡིན་	པ་	གཞན་	གྱི་	ངག	 །	སྣ་ཚོགས་	རྟོག་པ	ས་	བསླད་	པ་	ཅན	། །	གཉེན་	ནམ་	གཉེན་	མིན་	ཅི་	ཡང་	རུང༌	། །	དེ་	ལ་	ལྟོས་	པ	ས་	ཅི་ཞིག་	བྱ	། །	
འབྱུང་	འགྱུར་	ལས་	ནི་	འགྱུར་	མིན་	ལ	། །	གལ་	སྲིད་	ན་	ཡང་	འགྱོད་	མེད་	བཞིན	། །	སྔ་	བློ་	དཔྱད་	པ	ས་	བསྒྲིམ་	བྱས་	ནས	། །	འགྱོད་མེད་	ཁོ་ན	ས་	གནས་	པ་	མཆོག	 །	
འགྱོད་མེད་	ཡིད་	འོང་	དགའ་བ་	ཡི	། །	ཟླ་བ་	དྲི་མ་	མེད་པ	འི་	གཟུགས	། །	བག་ཡོད་	ཆུ་གཏེར་	ཆེ་	ལས་	འབྱུང༌	། །	དེ་	ཕྱིར་	དུས་	ཀུན་	བག་ཡོད་	མཛོད	། ༈ །	
དྲང་སྲོང་	ལྷ་	ཡི་	ལམ་	ཡིན་	ལ	། །	གྱ་གྱུ་ཅན་	ནི་	འདྲེ་	ཡི་	ལམ	། །	
ལམ་	འདི་	གཉིས་	ལས་	ལྷ་	དང་	ནི	། །	བདུད་	ཀྱི་	སྒོ་	རུ་	འདུག་	པ་	ཡིན	། །	
བདེ་	སྡུག་	འདོར་	ལེན་	བྱེད་	པ་	ལ	། །	རང་ཉིད་	ཇི་འདྲ་	གཞན་	དེ་འདྲ	། །	
དེ་ལྟ་ན་	ཡང་	དྲང་པོ་	རྣམས	། །	བདེ་	ནས་	འབྱོར་	འགྱུར་	ཅིག་ཤོས་	ལྡོག	 །	
བཟང་པོ	འི་	ལས་	ལ་	དབུགས་དབྱུང་	དང༌	། །	ངན་པ་	ལ་	ནི་	ཚར་གཅོད་	མེད	། །	
ཕན་པ་	ཆེ་	ཡང་	རྗེས་	མི་སྐྱོང༌	༑ །	
བྱམས་པ་	ཆེ་	ཡང་	སེམས་	མི་འཛིན	། །	
སྔར་	བྱས་	ལས་	ཀྱི་	རྟིང་	གཅོད་	དང༌	། 	ད་ལྟ	འི་	བྱ་བ་	ལེགས་	ཉེས་	ལ	། །	ཇི་བཞིན་	གསལ་	ཤན་	མི་འབྱེད་?	པ	། །	མི་དྲང་	གཡོ་སྒྱུ་ཅན་	གྱི་	རྟགས	། །	
དྲང་པོ་	དགྲ་	རུ་	གྱུར་	ཀྱང་	བླ	། །	
རང་	གི་	བྱ་བ་	དེ་	བྱས་	ཡིན	། །	
མི་དྲང་	གཉེན་	དུ་	འགྱུར་	མི་རུང༌	། །	
ཕན་པ་	བྱས་	ཀྱང་	ལོག་པ	ར་	སྒྲུབ	། །	
དྲང་པོ	ས་	དྲང་པོ	ར་	བསྐྱངས་	པ་	ལ	། །	སྐྱེ་བོ	འི་	འགྲོགས་	ཡུན་	ཆུ་	བས་	རིང༌	༑ །	
གཡོན་ཅན་	འདོད་པ	ས་	བཀུག་	པ	འི་	གྲོགས	། །	ཇི་ལྟར་	བྱམས་	ཀྱང་	ནམ་	ཕུག་	དགྲ	 །	
དྲང་	ལ་	ལྷ་	ཡང་	མགུ་	ནས་	འདུ	། །	
དྲང་པོ་	ལྷ་	ཡི་	གནས་	སུ་	འགྲོ	 །	
དྲང་པོ	འི་	བྱ་བ་	ཕྱི་ཐག་	རིང༌	། །	
དྲང་པོ་	རྒྱལ་ཁམས་	རྗེ་	རུ་	འོས	། །	
དྲང་པོ་	ཞེས་བྱ	འི་	ཡོན་ཏན་	ནི	། །	ཡོན་ཏན་	ནང་	ན་	ཡོན་ཏན་	མཆོག	 །	
མི་ཆོས་	གཙང་མ	འི་	སྙིང་པོ་	སྟེ	། །	མང་	དུ་	བསྟོད་	པ	ས་	ཅི་ཞིག་	བྱ	། །	
གང་ཞིག་	ཇི་ལྟར་	ཁ	ས་	འཆེས་	པ	། །	འགྱུར་	བ་	མེད་	དོ་	དམ་བཅའ་	བརྟན	། །	
དམ་བཅའ་	བརྟན་	ན་	རང་	དོན་	གྲུབ	། །	
གཞན་	གྱིས་	འདི་	ཡི་	ཚིག་	བཟུང་	འོས	༑ །	
ལེགས་པར་	དཔྱད་	ནས་	ཁ	ས་	འཆེས་	པ	། །	བསྐལ་པ	འི་	མཐ	ར་	ཡང་	གཏོང་	མི་རུང༌	། །	
དམ་བཅའ་	ཉམས་	པ	ས་	ཇི་	འཇིགས་	པ	། །	དེ་	ཙམ་	རྒྱལ་ཁྲིམས་	ཀྱིས་	མི་འཇིགས	། །	
གཏམ་	དང་	མནའ་	ལ་	མི་རྩི་	བ	འི	། །	མི་	དེ་	ཁྲོལ་ཚགས་	ཇི་བཞིན་དུ	། །	བཟང་པོ	འི་	བཅུད་	ཀྱིས་	དབེན་	པ་	ཡང༌	། །	རྟགས་	དེ་	ཁོ་ན	ས་	ཡང་དག་	ངེས	། །	
འདི་འདྲ	འི་	མི་	ལ་	ལྷ་	དང་	དཔལ	། །	ལྗོན་ཤིང་	བསྐམ་	པ	འི་	གྲིབ་	བཞིན་	དུ	། །	གཞན་	དང་	གཞན་	དུ་	བྱོལ་	བ་	ལ	། 	ཐེ་ཚོམ་	ཙམ་	ཡང་	སྲིད་	མ་ཡིན	། །	
དམ་བཅའ་	ཅི་ཙམ་	བརྟན་	གྱུར་	པ	༑ །	དེ་	དང་	དེ་ཙམ་	ཡིད་	རྟོན་	གནས	། །	
ཡིད་	རྟོན་	གནས་	སུ་	ཇི་	རུང་	བ	། །	དེ་ལྟར་	ལྷ་	དང་	དཔལ་	ཀྱང་	གནས	༑ །	
དམ་པ་རྣམས་	ཀྱིས་	སྨྲས་	ཟིན་	ཚིག	 །	དོན་	ཆེན་	མེད་	ཀྱང་	ལྡོག་	དཀའ་	ན	། །	དོན་	ཆེན་	ལྡན་	དང་	མནའ་	བོར་	བ	འི	། །	ཚིག་	ལ་	ལྡོག་	པ་	ག་	ལ་	སྲིད	། །	
དམན་པ་རྣམས་	ལ་	སྲོག་	ཕོངས་	པ	། །	དེ་	བཞིན་	མཆོག་	ལ་	དམ་བཅའ་	ཕོངས	། །	
དམན་པ	ས་	དམ་བཅའ་	དོར་	བ་	ལ	། །	མཆོག་རྣམས་	ཤིན་ཏུ་	ངོ་མཚར་	བྱེད	། །	
མཆོག་རྣམས་	ཀྱི་	ནི་	དམ་བཅ	འི་	དོན	། །	སྲོག་	གཏོང་	བ་	ལ་	དམན་པ་	རྣམས	། །	ངོ་མཚར་	བྱེད་	ཀྱང་	དམ་	བརྟན་	ལ	། །	ཡོན་ཏན་	ཆེ་བ	ར་	མི་སེམས་	ཀྱང༌	། །	དམན་པ་རྣམས་	ཀྱི་	རྒྱུད་	སྤངས་	ནས	། །	དམ་པ	འི་	རྒྱུད་	ལ་	རྟག་	གནས་	པ	། །	དམ་བཅའ་	བརྟན་	པ་	ཞེས་བྱ་བ	འི	། །	ཡོན་ཏན་	འཇིག་རྟེན་	ཆེ་བ	འི་	རྒྱན	༑ །	
འདི་	ནི་	བདག་	ལ་	འདི་ལྟར་	དུ	། །	ཕན་	འདོགས་	བྱེད་པོ་	ཡིན་	སྙམ་	དུ	། །	བྱས་	པ་	ཤེས་	པ	ས་	དྲིན་	གཟོ་	བ	། །	ཡ་རབས་	སྤྱོད་པ་	མཚོན་	པ	འི་	སྒོ	 །	
ཕན་	གནོད་	བྱས་	པ་	མི་ཤེས་	པ	། །	དེ་	ལ་	ལན་	དུ་	སེམས་	པ་	མེད	། །	
དེ་	ཕྱིར་	འཕགས་རྣམས་	མ་གཏོགས་	པ	། །	འདི་	ལ་	ཕན་	གནོད་	སུ་	ཡིས་	རྩོམ	། །	
ཕན་	དང་	གནོད་	ལམ་	གོ་	བཟློག་མཁན	། །	མི་	རུ་	བརྟགས་	ཀྱང་	འདྲེ་	ཡིན་	ན	། །	དེ་	ལ་	སྤྱོད་ལམ་	བསྟུན་	པ་	ཅི	། །	ལྟ་	བ་	ཙམ་	ཡང་	སུ་ཞིག་	འདོད	། །	
དམ་པ	འི་	སྐྱེས་བུ་	མཆོག་རྣམས་	ནི	། །	བྱས་	པ་	ཆུང་	ཡང་	དྲིན་	གཟོ་	ཆེ	། །	
འདི་འདྲ	འི་	ཡོན་ཏན་	ལྡན་	གྱུར་	ན	། །	ཡོན་ཏན་	ཆེན་པོ་	གཞན་	ཡང་	བདོག	 །	
གང་ཞིག་	བྱས་	པ་	མི་	གཟོ་	བ	༑ །	དེ་	ལ་	བློ་	མེད་	ཟུང་ཐུབ་	དང༌	། །	ཁྲེལ་	དང་	བག་ཡོད་	དྲང་པོ་	སོགས	། །	ཡོན་ཏན་	གཞན་	ཡང་	ཇི་ལྟར་	ཡོད	། །	
བྱས་	པ	ར་	ཤེས་	ཤིང་	དྲིན་	གཟོ་	བ	ས	། །	མི་	ལ་	དཔལ་མགོན་	གནས་	ཞེས་	གྲགས	། །	
ཡོན་ཏན་	འདི་	ལས་	ཡོན་ཏན་	གཞན	། །	མཚོན་	པ	ར་	བྱས་	པ	ས་	མི་	དེ་	མཛེས	། ༈ །	
གཞན་	ལ་	ཕན་	པ	ར་	རྩོན་	པ་	དེ	། །	རང་ཉིད་	ཕུན་སུམ་	ཚོགས་	པ	འི་	རྒྱུ	། །	
དཔལ་	དང་	འབྱོར་བ་	རྒྱ་	ཆེ་	བ	། །	འདི་	ལས་	འཁྲུངས་	ཤིང་	འདི་	ཡིས་	འགུགས	། །	
རང་དོན་	ཆེས་	ཆེ	ར་	གཉེར་བ་	དེ	། །	དང་པོ་	དཔོན་	དུ་	གྱུར་	ན་	ཡང༌	། །	དེ་བ	ས་	ཇེ་དམའ་དག་	ཏུ་	འགྱུར	། །	
རི་	གཟར་	པོ་	ཡི་	འབབ་ཆུ་	བཞིན	། །	
གཞན་	ལ་	ཕན་	པ་	ལྷུར་	ལེན་	པ	། །	དང་པོ་	བྲན་	དུ་	གྱུར་	ན་	ཡང༌	། །	དེ་བ	ས་	ཇེ་མཐོ	ར་	ཕྱིན་	གྱུར་	ཏེ	། །	གཡུ་	འབྲུག་	མཁའ་	ལ་	འགྲོ་	བ་	བཞིན	། །	
སྐྱེ་བོ་	བླུན་པོ་	རང་དོན་	ལ	། །	ཆགས་	པ	ས་	རང་དོན་	ཁོ་ན་	གཉེར	། །	
རང་དོན་	ཅི་ཡང་	མི་འགྲུབ་	པ	འམ	། །	འགྲུབ་	ཀྱང་	རྒྱ་	ཆེ	ར་	འགྲུབ་	པ	ར་	དཀའ	། །	
སྐྱེ་བོ་	མཁས་པ་	རང་དོན་	ལ	། །	ཆགས་	ཀྱང་	གཞན་དོན་	གཙོ་བོ	ར་	གཉེར	། །	
གཞན་དོན་	གཉེར་	བ	འི་	ཤུགས་	ལ་	ནི	། །	རང་དོན་	ཤིན་ཏུ་	ཕུན་སུམ་	ཚོགས	། །	
འདི་	དང་	ཕྱི་མ	ར་	རང་	གི་	དོན	། །	ཤིན་ཏུ་	རྒྱ་	ཆེ	ར་	འགྲུབ་	འདོད་	ན	། །	གཞན་དོན་	གཉེར་	བ་	ཐབས་	སུ་	བཟང༌	༑ །	ཐབས་	འདི་	རྒྱལ་སྲས་རྣམས་	ཀྱི	འང་	ལམ	། ༈ །	
སྐྱབས་	འོས་	ཡོན་ཏན་	ལྡན་	པ་	ལ	། །	བདེན་པ	འི་	གནས་	དང་	དེ	འི་	བྱེ་བྲག	 །	རྒྱུ་	འབྲས་	མི་བསླུ	འི་	འཇུག་	ལྡོག་	ལ	། །	ཡིད་ཆེས་	དད་པ་	ཞེས་	བྱ	འོ	། །	
དད་པ་	ཆོས་	ཀྱི་	རྩ་བ་	སྟེ	། །	དད་	ལས་	བསོད་ནམས་	ཚོགས་	འཕེལ་	ཞིང༌	། །	བསོད་ནམས་ཅན་	ལ་	ཡ་རབས་	ཀྱི	། །	སྤྱོད་པ་	ཀུན་	གྱིས་	ངང་	གིས་	གནས	། །	
དད་པ	ས་	རྒུད་པ་	ཕྱིར་	ལ་	འདོར	། །	
དད་པ་	ཡིད་བཞིན་ནོར་བུ་	སྟེ	། །	ཇི་ལྟར་		བསམ་པ་	འགྲུབ་	བྱེད་	པ	འོ	། །	
སངས་རྒྱས་	ཆོས་	དང་	དགེ་འདུན་	གསུམ	། །	ནམ་	ཡང་	མི་བསླུ	འི་	སྐྱབས་གནས་	ཡིན	། །	
སྐྱབས་	དེ	འི་	ཡོན་ཏན་	ཚད་མེད་	ལ	། །	ཡིད་ཆེས་	གུས་པ་	རྟག་	ཏུ་	བྱ	། །	
དཀར་	ནག་	ལས་	ཀྱི་	འབྲས་བུ་	ནི	། །	ནམ་	ཡང་	ཆུད་	མི་ཟ་	བ	ར་	སྨིན	། །	
དེ་	ཕྱིར་	རང་	ལ་	རང་	བརྩེ་	ན	། །	ལས་འབྲས་	བླང་	དོར་	ཞིབ་	ཏུ་	བྱ	། །	
འདི་	ནི་	ལས་	ཀྱི་	ས་	ཡིན་	ལ	། །	འདི་	ནས་	ཕ་རོལ་	འབྲས་བུ	འི་	ས	། །	
དེ་	ཕྱིར་	རང་དབང་	ཡོད་	དུས་	འདི	ར	། །	དགེ་བ	འི་	ས་བོན་	འདེབས་	པ	ར་	གྱིས	། །	
སྣ་ཚོགས་	སྐྱེ་བོ	འི་	བདེ་	སྡུག་	ལྟོས	། །	
འདི་	ཡི་	རྒྱུ་	ནི་	ལས་	ཡིན་	ཞེས	། །	བདེན་པ	ར་	སྨྲ་	བ	ས་	ལེགས་	གསུངས་	ན	། །	སུ་ཞིག་	ལས་འབྲས་	བསམ་	མི་བྱེད	། །	
དཀོན་མཆོག་	གསུམ་	དང་	བདེན་པ་	བཞི	ར	། །	ཡིད་	ཆེས་	པ་	ཡི་	དད་པ་	ནི	། །	རྙེད་	ན་	རྙེད་པ	འི་	མཆོག་	ཡིན་	ཏེ	། །	ཨེ་མ་	བཟང་པོ	འི་	བསོད་ནམས་	འབྲས	། ༈ །	
བདག་	གི་	ལོངས་སྤྱོད་	འཆང་	གྱུར་	ཀྱང༌	། །	དབང་	མེད་	ཤུལ་	དུ་	ལུས་	ཏེ་	འགྲོ	། །	
དེ་	བས་	གཏོང་	ཕོད་	བློ་	སྐྱེད་	ལ	། །	འདི་	ཕྱི	འི་	ཕུན་སུམ་ཚོགས་པ་	བསྒྲུབ	། །	
གཏོང་བ་	ཆུང་	ཡང་	འབྲས་བུ་	ཆེ	། །	
ལོངས་སྤྱོད་	ཆེ་	ཡང་	ཕན་པ་	ཆུང༌	༑ །	
སྔོན་ཆད་	བྱིན་	པ	ས་	འདི	ར་	འབྱོར་	ཀྱང༌	། །	འདི	ར་	མ་བྱིན་	ན་	ཕྱི་མ	ར་	དབུལ	། །	
བསགས་	དང་	བསྲུངས་	དང་	བརླག་	པ་	ཡི	། །	ནོར་	ལ་	ཉེས་པ་	ཤིན་ཏུ་	མང༌	། །	
ས་གཞི་	ནོར་	གྱིས་	གང་	ན་	ཡང༌	། །	སྐྱེ་བོ	འི་	འདོད་པ་	ངོམ་	མི་འགྱུར	། །	
ཟས་	ནོར་	གནས་	མལ་	ཙམ་	ཞིག་	ལས	། །	ལྷག་མ་	ཕན་	མེད་	སྡུག་བསྔལ་	རྒྱུ	༑ །	
གཏོང་བ	ས་	འདི་	དང་	ཕྱི་མ	ར་	ཡང༌	། །	ནོར་རྣམས་	ཆེར་	འཕེལ་	དབྱར་	ཆུ་	བཞིན	། །	
གཏོང་བ	ས་	ཚེ་	དང་	གྲགས་པ་	འཕེལ	། །	
གཏོང་བ	ས་	དཔལ་	དང་	བདེ་བ་	འཕེལ	། །	
གཏོང་བ་	འདི་	ནི་	འཕེལ་	བ	འི་	སྒོ	 །	ཡིན་	ཀྱང་	སྐྱེ་བོ	ས་	ཟད་	པ	ར་	དོགས	། །	
མི་གཏོང་	ཤིན་ཏུ་	བསགས་	པ་	ཡི	། །	ཞེ་ཕུག་	བརྟག་	ན་	དུད་འགྲོ་	འདྲ	༑ །	
གཡོ་	ཞིང་	སྙིང་པོ་	མེད་	པ་	ཡི	། །	ནོར་	ལས་	སྙིང་པོ་	ཅི	ས་	མི་ལེན	། །	
མ་གཏོང་	སྤྱད་	པ	ར་	མ་བྱས་	པ	འི	༑ 	གལ་སྲིད་?	འབྱོར་	བ་	གཡོ་	ལ་	ལྟོས	། །	
ཟན་	སྐྱ་	ཁམ་	གཅིག་	གིས་	ཉོས་	པ	འི	། །	འཁོར་	བསྒྱུར་	དཔལ་	དེ་	ཅི	ས་	མ་བསྒྲུབ	། །	
དེ་ལྟར་	བློ་ལྡན་	ཟུང་ཐུབ་	དེ	ས	། 	ཁྲེལ་	དང་	བག་ཡོད་པ	འི་	ཚུལ་	གྱིས	། །	དྲང་	དང་	དམ་	བརྟན་	གཞི་	གཟུང་	ནས	། །	བྱས་	པ་	ཤེས་	ཤིང་	ཕན་	པ	ར་	བརྩོན	། །	
དད་	དང་	གཏོང་བ	འི་	ཤུགས་	བསྐྱེད་	ན	། ༈ །	འདི་	དང་	ཕྱི་མ	འི་	གནས་སྐབས་	སུ	། །	ཚེ་	རིང་	བ་	དང་	ནད་	མེད་	དང༌	། །	ཡིད་	དུ་	འོང་	དང་	འབྱོར་	ལྡན་	དང༌	། །	ཀུན་	གྱིས་	བཀུར་	ཞིང་	བསྔགས་	པ་	དང༌	། །	དབུ་འཕང་	མཐོ་	ཞིང་	མངའ་ཐང་	རྒྱས	། །	
མཐའ་	བཞི་	ལས་	རྒྱལ་	ལས་	ཤུགས་	དང༌	། །	སྟོབས་	མཐུ་	ནུས་པ་	མེ་	ལྟར་	འབར	། །	
བདེ་	དང་	ཡིད་བདེ	འི་	དཔལ་རྣམས་	ཀུན	། །	རྟག་	ཏུ་	མདུན་	ན་	གནས་	བཞིན་	པ	ར	། །	སྙན་གྲགས་	ལྷ་	ཡི་	རྔ་བོ་ཆེ	། །	འཇིག་རྟེན་	འདི་	ན་	ཁྱབ་	པ	ར་	སྒྲོགས	། །	
དེ་	ཕྱིར་	ལྷ་	དང་	དཔལ་རྣམས་	ཀུན	། །	གང་	གི་	རྒྱུད་	ལ་	གནས་	འདོད་	པ	ས	། །	ཀུན་སློང་	གིས་	བསྐུལ་	འདིལྟ་བུ	། །	སྡེབས་སྦྱོར་?	སྤང་	སྟེ་	ལེགས་པར་	བྲི	ས	། །	
བདག་	གིས་	རྒྱལ་	དང་	རྒྱལ་སྲས་	དང༌	། །	དམ་པ་རྣམས་	ཀྱི་	ལེགས་	བཤད་	ལ	། །	འདྲིས་	པ	ས་	ལེགས་པ	ར་	སྨྲ་	བ་	ནི	། །	བྲག་ཆ་	བཞིན་	དུ་	བརྗོད་	ལ་	མཁས	། །	
འོན་ཀྱང་	ཐོག་མེད་	ངན་	གོམས་	ཀྱིས	། །	བསླད་	ཕྱིར་	ལེགས་པ	ར་	སྤྱོད་	པ	འི་	ཆ	། །	ཤིན་ཏུ་	ཕྲ་	ཡང་	ལེགས་	སྤྱོད་	ལ	། །	བཟང་པོ	ར་	མཐོང་	བ་	ཙམ་	དུ་	ཟད	། །	
དེ་	ཕྱིར་	སྐྱེ་བོ་	ཡ་རབས་	ཀྱི	། །	སྤྱོད་པ་	གང་	གིས་	སྤྱོད་	པ་	ལ	། །	ཤིན་ཏུ་	ཡི་རང་	ཉིད་	གྱུར་	ཕྱིར	། །	གཞན་	ཀུན་	འདི་འདྲ	འི་	ཚུལ་	བཟང་	ལ	། །	གཞུག་	པ	ར་	འདོད་	པ	འི་	བརྩེ་བ་	དང༌	། །	བློ་ལྡན་	གང་	གིས་	བསྐུལ་	བ	འི་	རྒྱུ	ས	༑ །	སྐྱེ་བོ	འི་	ལུགས་	ཀྱི་	བསྟན་བཅོས་	ལས	། །	ཅུང་ཟད་	བསྡུས་	ཏེ་	བརྗོད་	པ་	ལགས	། །	
འདི་	ཡི་	དགེ་བ	ས་	འགྲོ་	ཀུན་	ལ	། །	བཟང་པོ	འི་	ཡོན་ཏན་	རྣམ་པ་	བཅུ	། །	འབད་	པ་	མེད་	པ	ར་	ཞུགས་	ནས་	ཀྱང༌	། །	ལྷ་	དང་	དཔལ་	གྱིས་	བརྒྱན་	པ	ར་	ཤོག	 །	
ཅེས་	པ་	འདི་	ཡང་	ཡ་རབས་	བཟང་པོ	འི་	ལུགས་	ཀྱི་	སྲོལ་	དྲི་མ་	མེད་	པ་	ལ་	དགའ་	ཞིང་	དང་	དུ་	ལེན་	པ	ར་	འདོད་	པ	འི་	སྐལ་བ་	བཟང་པོ	འི་	ཡོན་ཏན་	གྱིས་	ཕྱུག་	པ་	རྒྱ་མཁར་དཀོན་མཆོག་	གིས་	འདི་	འདྲ་	བ་	ཞིག་	ཕྲིས་	ཞེས་	བསྐུལ་	ངོ	ར་	འཇམ་དཔལ་དགྱེས་པའི་རང་མདངས་	ཞེས་	འབོད་	པ	ས་	རྫོང་གསར་	བཀྲ་ཤིས་ལྷ་རྩེ	ར་	བྲི	ས་	པ་	མངྒ་ལཾ	།  །	
དགེ	འོ	།  །	
དགེ	འོ	།  །	
དགེ	འོ	།།  །།
