i-8-21 དེ་ཁོ་ན་ཉིད་སྣང་བ་ཞེས་བྱ་བའི་རབ་ཏུ་བྱེད་པ།.txt	8-21 དེ་ཁོ་ན་ཉིད་སྣང་བ་ཞེས་བྱ་བའི་རབ་ཏུ་བྱེད་པ།.csv
i-8-22 ཆོས་ཐམས་ཅད་རང་བཞིན་མེད་པ་ཉིད་དུ་གྲུབ་པ།.txt	8-22 ཆོས་ཐམས་ཅད་རང་བཞིན་མེད་པ་ཉིད་དུ་གྲུབ་པ།.csv
i-8-24 བསྒོམ་རིམ་དང་པོ།.txt	8-24 བསྒོམ་རིམ་དང་པོ།.csv
i-8-25 བསྒོམ་རིམ་བར་མ།.txt	8-25 བསྒོམ་རིམ་བར་མ།.csv
i-8-28 རྣལ་འབྱོར་བསྒོམ་པ་ལ་འཇུག་པ།.txt	8-28 རྣལ་འབྱོར་བསྒོམ་པ་ལ་འཇུག་པ།.csv
i-8-31ལྷོ་ཟ་མོ་ཚངས་དབྱངས་ལ་སྡུག་བསྔལ་བརྒྱད་ཀྱི་བྱེ་བྲག་བསྟན་པ།.txt	8-31.csv
i-8-32དད་བསྐྱེད་སྒྲོན་མ།.txt	8-32.csv
i-8-33རིགས་པའི་ཐིགས་པའི་ཕྱོགས་སྔ་མ་མདོར་བསྡུས་པ།.txt	8-33.csv
i 9-1 ཆོས་ཀྱི་སྐུ་ལ་གནས་པའི་ཡོན་ཏན་ཐུན་མོང་མ་ཡིན་པ་ལ་ལ་བསྟོད་པ།.txt	9-1.csv
I-9-15 ཐེག་པ་ཆེན་པོ་བསྡུས་པ།.txt	9-15.csv
I-9-21 རྣལ་འབྱོར་སྤྱོད་པའི་ས་ལས་ཉན་ཐོས་ཀྱི་ས།.txt	9-21.csv
I-9-25རྣལ་འབྱོར་སྤྱོད་པའི་ས་ལས་རྣམ་པར་བཤད་པ་བསྡུ་བ།.txt	9-25.csv
i-9-4 འཕགས་པ་དགོངས་པ་ངེས་པར་འགྲེལ་པའི་རྣམ་པར་བཤད་པ།.txt	9-4.csv
i-9-5དགེ་འདུན་རྗེས་སུ་དྲན་པའི་བཤད་པ།.txt	9-5.csv
i-9-6སངས་རྒྱས་རྗེས་སུ་དྲན་པའི་འགྲེལ་པ།.txt	9-6.csv
i-9-7ཆོས་རྗེས་སུ་དྲན་པའི་འགྲེལ་པ།.txt	9-7.csv
i-1-112 རྒྱལ་པོ་གཏམ་བྱ་བ་རིན་པོ་ཆེའི་ཕྲེང་བ།.txt	1-112.csv
i-1-113རྨི་ལམ་ཡིད་བཞིན་ནོར་བུའི་གཏམ།.txt	1-113.csv
i-01 དབུ་མའི་སྙིང་པོའི་ཚིག་ལེའུར་བྱས་པ།.txt	01 དབུ་མའི་སྙིང་པོའི་ཚིག་ལེའུར་བྱས་པ།.csv
i-04 དམ་པའི་ཆོས་པདྨ་དཀར་པོའི་འགྲེལ་པ་བཞུགས།.txt	04 དམ་པའི་ཆོས་པདྨ་དཀར་པོའི་འགྲེལ་པ་བཞུགས།.csv
i-1-10བསམ་གྱིས་མི་ཁྱབ་པར་བསྟོད་པ།.txt	1-10.csv
i-1-101 རྟེན་ཅིང་འབྲེལ་པར་འབྱུང་བའི་སྙིང་པོའི་རྣམ་པར་བཤད་པ།.txt	1-101 རྟེན་ཅིང་འབྲེལ་པར་འབྱུང་བའི་སྙིང་པོའི་རྣམ་པར་བཤད་པ།.csv
i-1-102 མ་རྟོགས་པ་རྟོགས་པར་བྱེད་པ་ཞེས་བྱ་བའི་རབ་ཏུ་བྱེད་པ།.txt	1-102 མ་རྟོགས་པ་རྟོགས་པར་བྱེད་པ་ཞེས་བྱ་བའི་རབ་ཏུ་བྱེད་པ།.csv
i-1-104 རང་བཞིན་གསུམ་ལ་འཇུག་པའི་སྒྲུབ་པ།.txt	1-104 རང་བཞིན་གསུམ་ལ་འཇུག་པའི་སྒྲུབ་པ།.csv
i-1-105 བསྒོམ་པའི་རིམ་པ།.txt	1-105 བསྒོམ་པའི་རིམ་པ།.csv
i-1-106འཕགས་པ་སཱ་ལུ་ལྗང་པའི་ཚིག་ལེའུར་བྱས་པ།.txt	1-106.csv
i-1-108 བྱང་ཆུབ་ཀྱི་ལྟུང་བ་བཤགས་པའི་འགྲེལ་པ།.txt	1-108 བྱང་ཆུབ་ཀྱི་ལྟུང་བ་བཤགས་པའི་འགྲེལ་པ།.csv
I-1-109 འཕགས་པ་ཆོས་ཀྱི་དབྱིངས་ཀྱི་སྙིང་པོའི་རྣམ་པར་འགྲེལ་པ།.txt	1-109.csv
i-1-11བསྟོད་པ་ལས་འདས་པར་བསྟོད་པ།.txt	1-11.csv
i-1-114སྦྱིན་པའི་གཏམ།.txt	1-114.csv
i-1-115སྲིད་པ་ལས་འདས་པའི་གཏམ།.txt	1-115.csv
i-1-118༄༅། །སློབ་དཔོན་ཀླུ་སྒྲུབ་ཀྱིས་བཤད་པ་སྨན་ཨ་བའི་ཆོ་གn །.txt	1-118.csv
i-1-12བླ་ན་མེད་པའི་བསྟོད་པ།.txt	1-12.csv
i-1-123ལུགས་ཀྱི་བསྟན་བཅོས་ཤེས་རབ་སྡོང་བུ་ཞེས་བྱ་བ།.txt	1-123.csv
i-1-124ལུགས་ཀྱི་བསྟན་བཅོས་སྐྱེ་བོ་གསོ་བའི་ཐིགས་པ་ཞེས་བྱ་བ།.txt	1-124.csv
i-1-125རྡོ་རྗེའི་སྨོན་ལམ།.txt	1-125.csv
i-1-127སྨོན་ལམ་རིན་པོ་ཆེའི་རྒྱལ་པོ་ཞེས་བྱ་བ།.txt	1-127.csv
i-1-146 དབུ་མ་རྩ་བའི་འགྲེལ་པ་ག་ལས་འཇིགས་མེད།.txt	1-146 དབུ་མ་རྩ་བའི་འགྲེལ་པ་ག་ལས་འཇིགས་མེད།.csv
i-1-150 བྱང་ཆུབ་ཏུ་སེམས་བསྐྱེད་པའི་ཆོ་ག.txt	1-150 བྱང་ཆུབ་ཏུ་སེམས་བསྐྱེད་པའི་ཆོ་ག.csv
i-1-17འཕགས་པ་རྗེ་བཙུན་འཇམ་དཔལ་གྱི་དོན་དམ་པའི་བསྟོད་པ།.txt	1-17.csv
i-1-18རྗེ་བཙུན་འཕགས་པ་འཇམ་དཔལ་གྱི་སྙིང་རྗེ་ལ་བསྟོད་པ།.txt	1-18.csv
i-1-20གནས་ཆེན་པོ་བརྒྱད་ཀྱི་མཆོད་རྟེན་ལ་བསྟོད་པ།.txt	1-20.csv
i-1-21མཛད་པ་བཅུ་གཉིས་ཀྱི་ཚུལ་ལ་བསྟོད་པ།.txt	1-21.csv
i-1-22ཕྱག་འཚལ་བའི་བསྟོད་པ་ཞེས་བྱ་བ།.txt	1-22.csv
i-1-8སེམས་ཅན་མགུ་བར་བྱ་བའི་བསྟོད་པ།.txt	1-8.csv
i-1-88 རིགས་པ་དྲུག་ཅུ་པའི་ཚིག་ལེའུར་བྱས་པ།.txt	1-88 རིགས་པ་དྲུག་ཅུ་པའི་ཚིག་ལེའུར་བྱས་པ།.csv
i-1-9 ཤེས་རབ་ཀྱི་ཕ་རོལ་ཏུ་ཕྱིན་མའི་བསྟོད་པ།.txt	1-9.csv
i-1-90 ཞིབ་མོ་རྣམ་པར་འཐག་པ་ཞེས་བྱ་བའི་མདོ།.txt	1-90 ཞིབ་མོ་རྣམ་པར་འཐག་པ་ཞེས་བྱ་བའི་མདོ།.csv
i-1-92 རྩོད་པ་བཟློག་པའི་ཚིག་ལེའུར་བྱས་པ།.txt	1-92 རྩོད་པ་བཟློག་པའི་ཚིག་ལེའུར་བྱས་པ།.csv
i-1-94 སྟོང་པ་བདུན་ཅུ་པའི་འགྲེལ་པ།.txt	1-94 སྟོང་པ་བདུན་ཅུ་པའི་འགྲེལ་པ།.csv
i-1-97 ཐེག་པ་ཆེན་པོ་ཉི་ཤུ་པ།.txt	1-97 ཐེག་པ་ཆེན་པོ་ཉི་ཤུ་པ།.csv
i-1-98 ཡི་གེ་བརྒྱ་པ།.txt	1-98 ཡི་གེ་བརྒྱ་པ།.csv
i-10-1དཀོན་མཆོག་གསུམ་གྱི་བསྟོད་པ།.txt	10-1.csv
i-10-10འཕགས་པ་ག་ཡ་མགོའི་རི་ཞེས་བྱ་བའི་མདོའི་རྣམ་པར་བཤད་པ།.txt	10-10.csv
I-10-13དབུས་དང་མཐའ་རྣམ་པར་འབྱེད་པའི་འགྲེལ་པ།.txt	10-13.csv
I-10-15 ཐེག་པ་ཆེན་པོ་བསྡུས་པའི་འགྲེལ་པ.txt	10-15.csv
I-10-17 སུམ་ཅུ་པའི་ཚིག་ལེའུར་བྱས་པ།.txt	10-17.csv
I-10-18 ཉི་ཤུ་པའི་ཚིག་ལེའུར་བྱས་པ།.txt	10-18.csv
I-10-19ཉི་ཤུ་པའི་འགྲེལ་བ།.txt	10-19.csv
I-10-20 རང་བཞིན་གསུམ་ངེས་པར་བསྟན་པ། .txt	10-20.csv
i-10-21 རྟེན་ཅིང་འབྲེལ་པར་འབྱུང་བ་དང་པོའི་རྣམ་པར་དབྱེ་བ་བཤད་པ།.txt	10-21 རྟེན་ཅིང་འབྲེལ་པར་འབྱུང་བ་དང་པོའི་རྣམ་པར་དབྱེ་བ་བཤད་པ།.csv
I-10-22 ཕུང་པོ་ལྔའི་རབ་ཏུ་བྱེད་པ། .txt	10-22.csv
I-10-23 རྣམ་པར་བཤད་པ་རིགས་པའི་མདོ་སྡེའི་དུམ་བུ་བརྒྱ.txt	10-23.csv
I-10-24རྣམ་པར་བཤད་པའི་རིགས་པ།.txt	10-24.csv
I-10-25 ལས་གྲུབ་པའི་རབ་ཏུ་བྱེད་པ།.txt	10-25.csv
I-10-27ཆོས་མངོན་པའི་མཛོད་ཀྱི་ཚིག་ལེའུར་བྱས་པ.txt	10-27.csv
I-10-28 བསྟན་བཅོས་ཚིགས་སུ་བཅད་པ་བསྡུས་པ་ཞེས་བྱ་བ།.txt	10-28.csv
i-10-29ཡོན་ཏན་བདུན་ཡོངས་སུ་བརྗོད་པའི་གཏམ།.txt	10-29.csv
i-10-30ཚུལ་ཁྲིམས་ཀྱི་གཏམ།.txt	10-30.csv
i-10-31ཚོགས་ཀྱི་གཏམ།.txt	10-31.csv
i-10-32འདོད་པའི་ཡོན་ཏན་ལྔའི་ཉེས་དམིགས་བཤད་པ།.txt	10-32.csv
I-10-33 ཆོས་མངོན་པའི་མཛོད་ཀྱི་བཤད་པ།.txt	10-33.csv
i-10-34 འཕགས་པ་བཟང་པོ་སྤྱོད་པའི་སྨོན་ལམ་གྱི་འགྲེལ་པ།.txt	10-34 འཕགས་པ་བཟང་པོ་སྤྱོད་པའི་སྨོན་ལམ་གྱི་འགྲེལ་པ།.csv
i-10-5སངས་རྒྱས་རྗེས་སུ་དྲན་པའི་རྒྱ་ཆེར་འགྲེལ་པ།.txt	10-5.csv
i-10-6ཚིགས་སུ་བཅད་པ་གཅིག་པའི་བཤད་པ།.txt	10-6.csv
i-10-7འཕགས་པ་སྒོ་དྲུག་པའི་གཟུངས་ཀྱི་རྣམ་པར་བཤད་པ།.txt	10-7.csv
i-10-8འཕགས་པ་ཆོས་བཞི་པའི་རྣམ་པར་བཤད་པ།.txt	10-8.csv
i-11-1སྤེལ་མར་བསྟོད་པ་ཞེས་བྱ་བ།.txt	11-1.csv
i-11-12ཚད་མ་ཀུན་ལས་བཏུས་པ།.txt	11-12 ཚད་མ་ཀུན་ལས་བཏུས་པ།.csv
i-11-14དམིགས་པ་བརྟག་པ།.txt	11-14.csv
i-11-15དམིགས་པ་བརྟག་པའི་འགྲེལ་པ།.txt	11-15.csv
i-11-17ཚད་མ་རིགས་པར་འཇུག་པའི་སྒོ་ཞེས་བྱ་བའི་རབ་ཏུ་བྱེད་པ།.txt	11-17.csv
i-11-2ཡོན་ཏན་མཐའ་ཡས་པར་བསྟོད་པའི་འགྲེལ་པ།.txt	11-2.csv
i-11-21ཚད་མའི་བསྟན་བཅོས་རིགས་པ་ལ་འཇུག་པ་ཞེས་བྱ་བ།.txt	11-21.csv
i-11-3ཡོན་ཏན་མཐའ་ཡས་པར་བསྟོད་པའི་དོན་གྱི་ཚིག་ལེའུར་བྱས་པ།.txt	11-3.csv
i-11-4ཨེ་ཀ་ནཱ་ཐའི་དོན་འགྲེལ།.txt	11-4.csv
i-11-6འཕགས་པ་ཤེས་རབ་ཀྱི་ཕ་རོལ་ཏུ་ཕྱིན་མ་བསྡུས་པའི་ཚིག་ལེའུར་བྱས་པ།.txt	11-6.csv
I-11-9 རྣལ་འབྱོར་ལ་འཇུག་པ། .txt	11-9.csv
i-12-1སངས་རྒྱས་ཡོངས་སུ་མྱ་ངན་ལས་འདས་པ་ལ་བསྟོད་པ།.txt	12-1.csv
i-12-10ཚད་མ་རྣམ་འགྲེལ་གྱི་འགྲེལ་པ།.txt	12-10.csv
i-12-3ཚད་མ་རྣམ་འགྲེལ་གྱི་ཚིག་ལེའུར་བྱས་པ།.txt	12-3.csv
i-12-6གཏན་ཚིགས་ཀྱི་ཐིགས་པ་ཞེས་བྱ་བའི་རབ་ཏུ་བྱེད་པ།.txt	12-6.csv
i-12-7འབྲེལ་བ་བརྟག་པའི་རབ་ཏུ་བྱེད་པ།.txt	12-7.csv
i-12-8འབྲེལ་བ་བརྟག་པའི་འགྲེལ་པ།.txt	12-8.csv
i-14-5 ལྟ་བ་ཐ་དད་པ་རྣམ་པར་ཕྱེ་བ་མདོར་བསྡུས་པ།.txt	14-5 ལྟ་བ་ཐ་དད་པ་རྣམ་པར་ཕྱེ་བ་མདོར་བསྡུས་པ།.csv
I-15-3 ་ཕུང་པོ་ལྔའི་རྣམ་པར་འགྲེལ་པ།.txt	15-3.csv
I-17-160 སྡོམ་པ་ཉི་ཤུ་པའི་འགྲེལ་པ།.txt	17-160.csv
i-17-161དྲི་མ་མེད་པ་རིན་པོ་ཆེའི་སྤྲིང་ཡིག་ཅེས་བྱ་བ།.txt	17-161.csv
i-17-69 བདེན་པ་གཉིས་ལ་འཇུག་པ།.txt	17-69 བདེན་པ་གཉིས་ལ་འཇུག་པ།.csv
i-17-70 དྲན་པ་གཅིག་པའི་མན་ངག.txt	17-70 དྲན་པ་གཅིག་པའི་མན་ངག.csv
i-17-71 དབུ་མའི་མན་ངག་ཅེས་བྱ་བ།.txt	17-71 དབུ་མའི་མན་ངག་ཅེས་བྱ་བ།.csv
i-17-73 དབུ་མའི་མན་ངག་ཇོ་བོ་རྗེས་མཛད་པ་བཞུགས་སོ།.txt	17-73 དབུ་མའི་མན་ངག་ཇོ་བོ་རྗེས་མཛད་པ་བཞུགས་སོ།.csv
i-17-74 མདོ་ཀུན་ལས་བཏུས་པའི་དོན་བསྡུས་པ།.txt	17-74 མདོ་ཀུན་ལས་བཏུས་པའི་དོན་བསྡུས་པ།.csv
i-17-76 བྱང་ཆུབ་ལམ་གྱི་སྒྲོན་མ།.txt	17-76 བྱང་ཆུབ་ལམ་གྱི་སྒྲོན་མ།.csv
i-17-79 སྙིང་པོ་ངེས་པར་བསྡུ་བ་ཞེས་བྱ་བ།.txt	17-79 སྙིང་པོ་ངེས་པར་བསྡུ་བ་ཞེས་བྱ་བ།.csv
i-17-80 བྱང་ཆུབ་སེམས་དཔའི་ནོར་བུའི་ཕྲེང་བ།.txt	17-80 བྱང་ཆུབ་སེམས་དཔའི་ནོར་བུའི་ཕྲེང་བ།.csv
i-17-82 བྱང་ཆུབ་སེམས་དཔའ་ལས་དང་པོ་པའི་ལམ་ལ་འཇུག་པ་བསྟན་པ།.txt	17-82 བྱང་ཆུབ་སེམས་དཔའ་ལས་དང་པོ་པའི་ལམ་ལ་འཇུག་པ་བསྟན་པ།.csv
i-17-83 སྐྱབས་སུ་འགྲོ་བ་བསྟན་པ།.txt	17-83 སྐྱབས་སུ་འགྲོ་བ་བསྟན་པ།.csv
i-17-84 ཐེག་པ་ཆེན་པོའི་ལམ་གྱི་སྒྲུབ་ཐབས་ཡི་གེ་བསྡུས་པ།.txt	17-84 ཐེག་པ་ཆེན་པོའི་ལམ་གྱི་སྒྲུབ་ཐབས་ཡི་གེ་བསྡུས་པ།.csv
i-17-85 ཐེག་པ་ཆེན་པོའི་ལམ་གྱི་སྒྲུབ་ཐབས་ཤིན་ཏུ་བསྡུས་པ།.txt	17-85 ཐེག་པ་ཆེན་པོའི་ལམ་གྱི་སྒྲུབ་ཐབས་ཤིན་ཏུ་བསྡུས་པ།.csv
i-17-88 མི་དགེ་བ་བཅུའི་ལས་ཀྱི་ལམ་བསྟན་པ།.txt	17-88 མི་དགེ་བ་བཅུའི་ལས་ཀྱི་ལམ་བསྟན་པ།.csv
i-17-89 ལས་རྣམ་པར་འབྱེད་པ་ཞེས་བྱ་བ།.txt	17-89 ལས་རྣམ་པར་འབྱེད་པ་ཞེས་བྱ་བ།.csv
i-17-90 སྤྱོད་པ་བསྡུས་པའི་སྒྲོན་མ།.txt	17-90 སྤྱོད་པ་བསྡུས་པའི་སྒྲོན་མ།.csv
i-17-91 སེམས་བསྐྱེད་པ་དང་སྡོམ་པའི་ཆོ་གའི་རིམ་པ།.txt	17-91 སེམས་བསྐྱེད་པ་དང་སྡོམ་པའི་ཆོ་གའི་རིམ་པ།.csv
i-17-92 ལྟུང་བ་བཤགས་པའི་ཆོ་ག.txt	17-92 ལྟུང་བ་བཤགས་པའི་ཆོ་ག.csv
i-17-93 ཁ་ཏོན་དང་གླེགས་བམ་ཀླག་པའི་སྔོན་དུ་བྱ་བའི་ཆོ་ག་བཞུགས།.txt	17-93 ཁ་ཏོན་དང་གླེགས་བམ་ཀླག་པའི་སྔོན་དུ་བྱ་བའི་ཆོ་ག་བཞུགས།.csv
i-17-95 བླ་མའི་བྱ་བའི་རིམ་པ།.txt	17-95  བླ་མའི་བྱ་བའི་རིམ་པ།.csv
i-2-21 འཁྲུལ་པ་བཟློག་པའི་རིགས་པ་གཏན་ཚིགས་གྲུབ་པ།.txt	2-21 འཁྲུལ་པ་བཟློག་པའི་རིགས་པ་གཏན་ཚིགས་གྲུབ་པ།.csv
i-2-22 རབ་ཏུ་བྱེད་པ་ལག་པའི་ཚད་ཀྱི་ཚིག་ལེའུར་བྱས་པ།.txt	2-22 རབ་ཏུ་བྱེད་པ་ལག་པའི་ཚད་ཀྱི་ཚིག་ལེའུར་བྱས་པ།.csv
i-2-23 ལག་པའི་ཚད་ཀྱི་འགྲེལ་པ།.txt	2-23 ལག་པའི་ཚད་ཀྱི་འགྲེལ་པ།.csv
i-2-24 དབུ་མ་འཁྲུལ་པ་འཇོམས་པ།.txt	2-24 དབུ་མ་འཁྲུལ་པ་འཇོམས་པ།.csv
i-2-25 ཡེ་ཤེས་སྙིང་པོ་ཀུན་ལས་བཏུས་པ།.txt	2-25 ཡེ་ཤེས་སྙིང་པོ་ཀུན་ལས་བཏུས་པ།.csv
i-4-2 དབུ་མ་རྩ་བའི་འགྲེལ་པ་ཤེས་རབ་སྒྲོལ་མ།.txt	4-2 དབུ་མ་རྩ་བའི་འགྲེལ་པ་ཤེས་རབ་སྒྲོལ་མ།.csv
i-5-10 དབུ་མ་ལ་འཇུག་པ།.txt	5-10 དབུ་མ་ལ་འཇུག་པ།.csv
i-5-11 དབུ་མ་ལ་འཇུག་པའི་བཤད་པ།.txt	5-11 དབུ་མ་ལ་འཇུག་པའི་བཤད་པ།.csv
i-5-12 དབུ་མ་ཤེས་རབ་ལ་འཇུག་པ།.txt	5-12 དབུ་མ་ཤེས་རབ་ལ་འཇུག་པ།.csv
i-5-16 སྟོང་ཉིད་བདུན་ཅུ་པའི་འགྲེལ་པ།.txt	5-16 སྟོང་ཉིད་བདུན་ཅུ་པའི་འགྲེལ་པ།.csv
i-6-1 བྱང་ཆུབ་སེམས་དཔའི་སྤྱོད་པ་ལ་འཇུག་པ།.txt	6-1 བྱང་ཆུབ་སེམས་དཔའི་སྤྱོད་པ་ལ་འཇུག་པ།.csv
i-6-5 འཕགས་པ་འདའ་ཀ་ཡེ་ཤེས་ཞེས་བྱ་བ་ཐེག་པ་ཆེན་པོའི་མདོའི་འགྲེལ་པ།.txt	6-5 འཕགས་པ་འདའ་ཀ་ཡེ་ཤེས་ཞེས་བྱ་བ་ཐེག་པ་ཆེན་པོའི་མདོའི་འགྲེལ་པ།.csv
i-7-1བཅོམ་ལྡན་འདས་ལ་བསྟོད་པ་དཔལ་རྡོ་རྗེ་འཛིན་གྱི་དབྱངས་ཀྱི་རྒྱ་ཆེར་བཤད་པ།.txt	7-1.csv
i-7-10རྩོད་པའི་རིགས་པའི་འགྲེལ་པ་དོན་རྣམ་པར་འབྱེད་པ།.txt	7-10.csv
i-7-2དེ་བཞིན་གཤེགས་པ་བརྒྱད་ལ་བསྟོད་པ།.txt	7-2.csv
i-7-5 དབུ་མ་རྒྱན་གྱི་ཚིག་ལེའུར་བྱས་པ།.txt	7-5 དབུ་མ་རྒྱན་གྱི་ཚིག་ལེའུར་བྱས་པ།.csv
i-7-6 དབུ་མའི་རྒྱན་གྱི་འགྲེལ་པ།.txt	7-6 དབུ་མའི་རྒྱན་གྱི་འགྲེལ་པ།.csv
i-01 འཕགས་པ་དགོངས་པ་ཟབ་མོ་ངེས་པར་འགྲེལ་པའི་མདོ་རྒྱ་ཆེར་འགྲེལ་པ།.txt	01 འཕགས་པ་དགོངས་པ་ཟབ་མོ་ངེས་པར་འགྲེལ་པའི་མདོ་རྒྱ་ཆེར་འགྲེལ་པ།.csv	!!!
i-02 དབུ་མ་རིན་པོ་ཆེའི་སྒྲོན་མ།.txt	02 དབུ་མ་རིན་པོ་ཆེའི་སྒྲོན་མ།.csv
i-02 དབུ་མ་སྙིང་པོའི་འགྲེལ་པ་རྟོག་གེ་འབར་བ།.txt	02 དབུ་མ་སྙིང་པོའི་འགྲེལ་པ་རྟོག་གེ་འབར་བ།.csv
i-02 འཕགས་པ་དགོངས་པ་ཟབ་མོ་ངེས་པར་འགྲེལ་པའི་མདོ་རྒྱ་ཆེར་འགྲེལ་པ།.txt	02 འཕགས་པ་དགོངས་པ་ཟབ་མོ་ངེས་པར་འགྲེལ་པའི་མདོ་རྒྱ་ཆེར་འགྲེལ་པ།.csv
i-03 འཕགས་པ་དགོངས་པ་ཟབ་མོ་ངེས་པར་འགྲེལ་པའི་མདོ་རྒྱ་ཆེར་འགྲེལ་པ།.txt	03 འཕགས་པ་དགོངས་པ་ཟབ་མོ་ངེས་པར་འགྲེལ་པའི་མདོ་རྒྱ་ཆེར་འགྲེལ་པ།.csv
1-1 ཆོས་ཀྱི་དབྱིངས་སུ་བསྟོད་པ།.txt	1-1.csv
i-1-100 རྟེན་ཅིང་འབྲེལ་པར་འབྱུང་བའི་སྙིང་པོའི་ཚིག་ལེའུར་བྱས་པ།.txt	1-100 རྟེན་ཅིང་འབྲེལ་པར་འབྱུང་བའི་སྙིང་པོའི་ཚིག་ལེའུར་བྱས་པ།.csv
i-1-107འཕགས་པ་སཱ་ལུ་ལྗང་པ་ཞེས་བྱ་བ་ཐེག་པ་ཆེན་པོའི་མདོའི་རྒྱ་ཆེར་བཤད་པ།.txt	1-107.csv
i-1-117སྦྱོར་བ་བརྒྱ་པ།.txt	1-117.csv
i-1-119སྤོས་སྦྱོར་རིན་པོ་ཆེའི་ཕྲེང་བ་ཞེས་བྱ་བ།.txt	1-119.csv
i-1-120སྤོས་ཀྱི་སྦྱོར་བ་རེའུ་ཆར་བྱས་པ།.txt	1-120.csv
i-1-121རྟེན་ཅིང་འབྲེལ་པར་འབྱུང་བའི་དེ་ཁོ་ན་ཉིད་ཅེས་བྱ་བ།.txt	1-121.csv
i-1-122ཤེས་རབ་བརྒྱ་པ་ཞེས་བྱ་བའི་རབ་ཏུ་བྱེད་པ།.txt	1-122.csv
i-1-126བྱང་ཆུབ་འབྱུང་བའི་སྨོན་ལམ།.txt	1-126.csv
i-1-128བཀྲ་ཤིས་ཀྱི་ཚིགས་སུ་བཅད་པ།.txt	1-128.csv
i-1-129བཀྲ་ཤིས་ཀྱི་ཚིགས་སུ་བཅད་པ།.txt	1-129.csv
i-1-130འཕགས་པ་ཀླུ་སྒྲུབ་ཀྱི་ཞལ་སྔ་ནས་མཛད་པའི་མན་ངག་ཟབ་མོ།.txt	1-130.csv
i-1-147 སྐྱེ་མེད་རིན་པོ་ཆེའི་མཛོད།.txt	1-147 སྐྱེ་མེད་རིན་པོ་ཆེའི་མཛོད།.csv
i-1-149 མདོ་ཀུན་ལས་བཏུས་པ།.txt	1-149 མདོ་ཀུན་ལས་བཏུས་པ།.csv
i-1-151 འཕགས་པ་བཟང་པོ་སྤྱོད་པའི་སྨོན་ལམ་གྱི་རྒྱལ་པོ་ཆེན་པོའི་བཤད་སྦྱར།.txt	1-151 འཕགས་པ་བཟང་པོ་སྤྱོད་པའི་སྨོན་ལམ་གྱི་རྒྱལ་པོ་ཆེན་པོའི་བཤད་སྦྱར།.csv
i-1-153སྨན་འཚོ་བའི་མདོ་ཚིགས་སུ་བཅད་པ།.txt	1-153.csv
i-1-159འཕགས་པ་ཀླུ་སྒྲུབ་ཀྱི་སྨོན་ལམ་ཞེས་བྱ་བ།.txt	1-159.csv
i-1-163རྒྱལ་པོ་ལ་གཏམ་བྱ་བ་རིན་པོ་ཆེའི་ཕྲེང་བ་ལས་བྱུང་བའི་སྨོན་ལམ་ཚིགས་སུ་བཅད་པ་ཉི་ཤུ་པ།.txt	1-163.csv
i-1-19གནས་ཆེན་པོ་བརྒྱད་ཀྱི་མཆོད་རྟེན་ལ་བསྟོད་པ།.txt	1-19.csv
1-2 དཔེ་མེད་པར་བསྟོད་པ།.txt	1-2.csv
i-1-23དམྱལ་བ་ནས་འདོན་པ་ཞེས་བྱ་བ།.txt	1-23.csv
i-1-3 འཇིག་རྟེན་ལས་འདས་པར་བསྟོད་པ།.txt	1-3.csv
i-1-4སེམས་ཀྱི་རྡོ་རྗེའི་བསྟོད་པ།.txt	1-4.csv
i-1-5དོན་དམ་པར་བསྟོད་པ།.txt	1-5.csv
i-1-6སྐུ་གསུམ་བསྟོད་པ།.txt	1-6.csv
i-1-7སྐུ་གསུམ་ལ་བསྟོད་པ་ཞེས་བྱ་བའི་རྣམ་པར་འགྲེལ་པ།.txt	1-7.csv
i-1-87 དབུ་མ་རྩ་བའི་ཚིག་ལེའུར་བྱས་པ་ཤེས་རབ།.txt	1-87 དབུ་མ་རྩ་བའི་ཚིག་ལེའུར་བྱས་པ་ཤེས་རབ།.csv
i-1-91 སྟོང་པ་ཉིད་བདུན་ཅུ་པའི་ཚིག་ལེའུར་བྱས་པ།.txt	1-91 སྟོང་པ་ཉིད་བདུན་ཅུ་པའི་ཚིག་ལེའུར་བྱས་པ།.csv
i-1-93 ཞིབ་མོ་རྣམ་པར་འཐག་པ་ཞེས་བྱ་བའི་རབ་ཏུ་བྱེད་པ།.txt	1-93 ཞིབ་མོ་རྣམ་པར་འཐག་པ་ཞེས་བྱ་བའི་རབ་ཏུ་བྱེད་པ།.csv
i-1-95 རྩོད་པ་བཟློག་པའི་འགྲེལ་པ།.txt	1-95 རྩོད་པ་བཟློག་པའི་འགྲེལ་པ།.csv
i-1-99 ཡི་གེ་བརྒྱ་པ་ཞེས་བྱ་བའི་འགྲེལ་པ།.txt	1-99 ཡི་གེ་བརྒྱ་པ་ཞེས་བྱ་བའི་འགྲེལ་པ།.csv
i-10-11 འཕགས་པ་བློ་གྲོས་མི་ཟད་པས་བསྟན་པ་རྒྱ་ཆེར་འགྲེལ་པ།.txt	10-11 འཕགས་པ་བློ་གྲོས་མི་ཟད་པས་བསྟན་པ་རྒྱ་ཆེར་འགྲེལ་པ།.csv
I-10-12 མདོ་སྡེའི་རྒྱན་གྱི་བཤད་པ།.txt	10-12.csv
I-10-14 ཆོས་དང་ཆོས་ཉིད་རྣམ་པར་འབྱེད་པའི་འགྲེལ་པ།.txt	10-14.csv
I-10-16དོན་གསང་བ་རྣམ་པར་ཕྱེ་བ་བསྡུས་ཏེ་བཤད་པ། .txt	10-16.csv
I-10-26 ཐེག་པ་ཆེན་པོའི་ཆོས་བརྒྱ་གསལ་བའི་སྒོའི་བསྟན་བཅོས།.txt	10-26.csv
I-10-38 ཚིགས་སུ་བཅད་པའི་དོན་བསྡུས་པ་ཞེས་བྱ་བའི་བསྟན་བཅོས།.txt	10-38.csv
i-10-40འཕགས་པ་ས་བཅུ་པའི་རྣམ་པར་བཤད་པ།.txt	10-40.csv
i-11-10 ཚད་མ་ཀུན་ལས་བཏུས་པ་ཞེས་བྱ་བའི་རབ་ཏུ་བྱེད་པ།.txt	11-10.csv
i-11-16དུས་གསུམ་བརྟག་པ་ཞེས་བྱ་བ།.txt	11-16.csv
i-11-18གཏན་ཚིགས་ཀྱི་འཁོར་ལོ་གཏན་ལ་དབབ་པ།.txt	11-18.csv
I-11-20 ཆོས་མངོན་པའི་འགྲེལ་པ་གནད་ཀྱི་སྒྲོན་མ་ཞེས་བྱ་བ།.txt	11-20.csv
i-11-13ཚད་མ་ཀུན་ལས་བཏུས་པའི་འགྲེལ་པ།.txt	11-13.csv
i-11-27ཚད་མ་ཀུན་ལས་བཏུས་པའི་འགྲེལ་པ།.txt	11-27.csv
i-11-7 འཕགས་པ་བཟང་པོ་སྤྱོད་པའི་སྨོན་ལམ་གྱི་རྒྱལ་པོའི་བཤད་པ།.txt	11-7 འཕགས་པ་བཟང་པོ་སྤྱོད་པའི་སྨོན་ལམ་གྱི་རྒྱལ་པོའི་བཤད་པ།.csv
i-12-11རྩོད་པའི་རིགས་པ་ཞེས་བྱ་བའི་རབ་ཏུ་བྱེད་པ།.txt	12-11.csv
i-12-4ཚད་མ་རྣམ་པར་ངེས་པ།.txt	12-4.csv
i-12-5རིགས་པའི་ཐིགས་པ་ཞེས་བྱ་བའི་རབ་ཏུ་བྱེད་པ།.txt	12-5.csv
i-12-9རྒྱུད་གཞན་གྲུབ་པ་ཞེས་བྱ་བའི་རབ་ཏུ་བྱེད་པ།.txt	12-9.csv
i-14-1ཤེས་རབ་ཀྱི་ཕ་རོལ་ཏུ་ཕྱིན་པ་སྟོང་ཕྲག་ཉི་ཤུ་ལྔ་པ།(ག).txt	14-1.csv
i-14-1ཤེས་རབ་ཀྱི་ཕ་རོལ་ཏུ་ཕྱིན་པ་སྟོང་ཕྲག་ཉི་ཤུ་ལྔ་པ།(ང).txt	14-1ཤེར་ཕྱིན་ང་།.csv
i-14-1ཤེས་རབ་ཀྱི་ཕ་རོལ་ཏུ་ཕྱིན་པ་སྟོང་ཕྲག་ཉི་ཤུ་ལྔ་པ།(ཅ).txt	14-1ཤེར་ཕྱིན་ཅ།.csv
i-14-3བཅོམ་ལྡན་འདས་ཡོན་ཏན་རིན་པོ་ཆེ་སྡུད་པའི་ཚིགས་སུ་བཅད་པའི་དཀའ་འགྲེལ་ཞེས་བྱ་བ།.txt	14-3.csv
i-(བསྟོད་ཚོགས།)བཅོམ་ལྡན་འདས་ལ་བསྟོད་པ་དཔལ་རྡོ་རྗེ་འཛིན་གྱི་དབྱངས།.txt	(བསྟོད་ཚོགས།)བཅོམ་ལྡན་འདས་ལ་བསྟོད་པ་དཔལ་རྡོ་རྗེ་འཛིན་གྱི་དབྱངས།.csv
i-1-103 སྲིད་པ་འཕོ་བ།.txt	1-103 སྲིད་པ་འཕོ་བ།.csv
i-1-116བཤེས་པའི་སྤྲིང་ཡིག.txt	1-116.csv
i-14-9སྡུད་པ་ཚིགས་སུ་བཅད་པའི་དཀའ་འགྲེལ།.txt	14-9.csv
I-15-1 བྱང་ཆུབ་སེམས་དཔའི་སའི་འགྲེལ་པ། .txt	15-1.csv
I-15-2 བྱང་ཆུབ་སེམས་དཔའི་ཚུལ་ཁྲིམས་ཀྱི་ལེའུ་བཤད་པ། .txt	15-2.csv
i-17-157 མདོ་ཀུན་ལས་བཏུས་པ་ཆེན་པོ་ཞེས་བྱ་བ།.txt	17-157 མདོ་ཀུན་ལས་བཏུས་པ་ཆེན་པོ་ཞེས་བྱ་བ།.csv
i-17-159 ལས་ཀྱི་སྒྲིབ་པ་རྣམ་པར་སྦྱོང་བའི་ཆོ་ག་བཤད་པ་ཞེས་བྱ་བ།.txt	17-159 ལས་ཀྱི་སྒྲིབ་པ་རྣམ་པར་སྦྱོང་བའི་ཆོ་ག་བཤད་པ་ཞེས་བྱ་བ།.csv
i-17-67ཤེས་རབ་ཀྱི་ཕ་རོལ་ཏུ་ཕྱིན་པའི་དོན་བསྡུས་སྒྲོན་མ་ཞེས་བྱ་བ།.txt	17-67.csv
i-17-68ཤེས་རབ་སྙིང་པོའི་རྣམ་པར་བཤད་པ།.txt	17-68.csv
i-17-72 དབུ་མའི་མན་ངག་རིན་པོ་ཆེའི་ཟ་མ་ཏོག་ཁ་ཕྱེ་བ།.txt	17-72 དབུ་མའི་མན་ངག་རིན་པོ་ཆེའི་ཟ་མ་ཏོག་ཁ་ཕྱེ་བ།.csv
i-17-75 བྱང་ཆུབ་སེམས་དཔའི་སྤྱོད་པ་མདོ་ཙམ་གདམས་ངག་ཏུ་བྱས་པ།.txt	17-75 བྱང་ཆུབ་སེམས་དཔའི་སྤྱོད་པ་མདོ་ཙམ་གདམས་ངག་ཏུ་བྱས་པ།.csv
i-17-77 བྱང་ཆུབ་ལམ་གྱི་སྒྲོན་མའི་དཀའ་འགྲེལ་ཞེས་བྱ་བ།.txt	17-77 བྱང་ཆུབ་ལམ་གྱི་སྒྲོན་མའི་དཀའ་འགྲེལ་ཞེས་བྱ་བ།.csv
i-17-78 སྙིང་པོ་བསྡུས་པ་ཞེས་བྱ་བ།.txt	17-78 སྙིང་པོ་བསྡུས་པ་ཞེས་བྱ་བ།.csv
i-17-81 བྱང་ཆུབ་སེམས་དཔའི་སྤྱོད་པ་མདོ་ཙམ་གདམས་ངག་ཏུ་བྱས་པ།.txt	17-81 བྱང་ཆུབ་སེམས་དཔའི་སྤྱོད་པ་མདོ་ཙམ་གདམས་ངག་ཏུ་བྱས་པ།.csv
i-17-86 རང་གི་བྱ་བའི་རིམ་པ་བསྐུལ་བ་དང་བཅས་པ་ཡི་གེར་བྲིས་པ།.txt	17-86 རང་གི་བྱ་བའི་རིམ་པ་བསྐུལ་བ་དང་བཅས་པ་ཡི་གེར་བྲིས་པ།.csv
i-17-87 མདོའི་སྡེའི་དོན་ཀུན་ལས་བཏུས་པའི་མན་ངག.txt	17-87 མདོའི་སྡེའི་དོན་ཀུན་ལས་བཏུས་པའི་མན་ངག.csv
i-17-94 ཚ་ཚ་གདབ་པའི་ཆོ་ག་བཞུགས།.txt	17-94 ཚ་ཚ་གདབ་པའི་ཆོ་ག་བཞུགས།.csv
i-17-96རིགས་ཀྱི་སྨོན་ལམ་ཞེས་བྱ་བ།.txt	17-96.csv
i-2-18 ཆ་ཤས་ཀྱི་ཡན་ལག་ཅེས་བྱ་བའི་རབ་ཏུ་བྱེད་པ།.txt	2-18 ཆ་ཤས་ཀྱི་ཡན་ལག་ཅེས་བྱ་བའི་རབ་ཏུ་བྱེད་པ།.csv
i-2-19 ཆ་ཤས་ཀྱི་ཡན་ལག་ཅེས་བྱ་བའི་རབ་ཏུ་བྱེད་པའི་འགྲེལ་པ།.txt	2-19 ཆ་ཤས་ཀྱི་ཡན་ལག་ཅེས་བྱ་བའི་རབ་ཏུ་བྱེད་པའི་འགྲེལ་པ།.csv
i-2-20 བསྟན་བཅོས་བཞི་བརྒྱ་པ་ཞེས་བྱ་བའི་ཚིག་ལེའུར་བྱས་པ།.txt	2-20 བསྟན་བཅོས་བཞི་བརྒྱ་པ་ཞེས་བྱ་བའི་ཚིག་ལེའུར་བྱས་པ།.csv
i-3-1 དབུ་མ་རྩ་བའི་འགྲེལ་པ་བུདྡྷ་པཱ་ལི་ཏ།.txt	3-1 དབུ་མ་རྩ་བའི་འགྲེལ་པ་བུདྡྷ་པཱ་ལི་ཏ།.csv
I-458 བསམ་གཏན་གྱི་སྒྲོན་མ་ཞེས་བྱ་བའི་མན་ངག .txt	458 བསམ་གཏན་གྱི་སྒྲོན་མ་ཞེས་བྱ་བའི་མན་ངག.csv
i-5-13 རིགས་པ་དྲུག་ཅུ་པའི་འགྲེལ་པ།.txt	5-13 རིགས་པ་དྲུག་ཅུ་པའི་འགྲེལ་པ།.csv
i-5-14 བྱང་ཆུབ་སེམས་དཔའི་རྣལ་འབྱོར་སྤྱོད་པ་བཞི་བརྒྱ་པའི་རྒྱ་ཆེར་འགྲེལ་པ།.txt	5-14 བྱང་ཆུབ་སེམས་དཔའི་རྣལ་འབྱོར་སྤྱོད་པ་བཞི་བརྒྱ་པའི་རྒྱ་ཆེར་འགྲེལ་པ།.csv
i-5-15 ཕུང་པོ་ལྔའི་རབ་ཏུ་བྱེད་པ།.txt	5-15 ཕུང་པོ་ལྔའི་རབ་ཏུ་བྱེད་པ།.csv
i-5-17 གསུམ་ལ་སྐྱབས་སུ་འགྲོ་བ་བདུན་ཅུ་པ།.txt	5-17 གསུམ་ལ་སྐྱབས་སུ་འགྲོ་བ་བདུན་ཅུ་པ།.csv
i-5-8 དབུ་མ་རྩ་བའི་འགྲེལ་པ་ཚིག་གསལ་བ།.txt	5-8 དབུ་མ་རྩ་བའི་འགྲེལ་པ་ཚིག་གསལ་བ།.csv
i-5-9 དབུ་མ་ལ་འཇུག་པ།.txt	5-9 དབུ་མ་ལ་འཇུག་པ།.csv
i-སྒྲ་མདོ། རེ།.txt	༥-སྒྲ་མདོ། རེ།.csv
522-མོ་རྩིས་འཇམ་པའི་དབྱངས་ཞེས་བྱ་བ།.txt	522.csv
i-6-3 བསླབ་པ་ཀུན་ལས་བཏུས་པ།.txt	6-3 བསླབ་པ་ཀུན་ལས་བཏུས་པ།.csv
i-6-2 བསླབ་པ་ཀུན་ལས་བཏུས་པའི་ཚིག་ལེའུར་བྱས་པ།.txt	6-2 བསླབ་པ་ཀུན་ལས་བཏུས་པའི་ཚིག་ལེའུར་བྱས་པ།.csv
i-6-4 དེ་བཞིན་གཤེགས་པའི་སྙིང་པོ་ཡེ་གེ་བརྒྱ་པའི་བསྲུང་བ་དང་སྡིག་པ་བཤགས་པའི་ཆོ་ག.txt	6-4 དེ་བཞིན་གཤེགས་པའི་སྙིང་པོ་ཡེ་གེ་བརྒྱ་པའི་བསྲུང་བ་དང་སྡིག་པ་བཤགས་པའི་ཆོ་ག.csv
i-6-7བྱང་ཆུབ་སེམས་དཔའི་སྤྱོད་པ་ལ་འཇུག་པའི་སྨོན་ལམ།.txt	6-7.csv
i-7-4 བདེན་པ་གཉིས་རྣམ་པར་འབྱེད་པའི་དཀའ་འགྲེལ།.txt	7-4 བདེན་པ་གཉིས་རྣམ་པར་འབྱེད་པའི་དཀའ་འགྲེལ།.csv
i-7-7དེ་ཁོ་ན་ཉིད་བསྡུས་པའི་ཚིག་ལེའུར་བྱས་པ།.txt	7-7.csv
i-8-17འཕགས་པ་ཤེས་རབ་ཀྱི་ཕ་རོལ་ཏུ་ཕྱིན་པ་རྡོ་རྗེ་གཅོད་པའི་རྒྱ་ཆེར་འགྲེལ་པ།.txt	8-17.csv
i-8-18ཤེས་རབ་ཀྱི་ཕ་རོལ་ཏུ་ཕྱིན་པའི་སྙིང་པོ་ཞེས་བྱ་བའི་འགྲེལ་པ།.txt	8-18.csv
i-8-19 དབུ་མའི་རྒྱན་གྱི་དཀའ་འགྲེལ།.txt	8-19 དབུ་མའི་རྒྱན་གྱི་དཀའ་འགྲེལ།.csv
i-8-20 དབུ་མ་སྣང་བ་ཞེས་བྱ་བ།.txt	8-20 དབུ་མ་སྣང་བ་ཞེས་བྱ་བ།.csv
i-8-23 བྱང་ཆུབ་ཀྱི་སེམས་བསྒོམ་པ།.txt	8-23 བྱང་ཆུབ་ཀྱི་སེམས་བསྒོམ་པ།.csv
i-8-26 བསྒོམ་རིམ་ཐ་མ།.txt	8-26 བསྒོམ་རིམ་ཐ་མ།.csv
i-8-27འཕགས་པ་ཤེས་རབ་ཀྱི་ཕ་རོལ་ཏུ་ཕྱིན་པ་བདུན་བརྒྱ་པ་རྒྱ་ཆེར་བཤད་པ།.txt	8-27.csv
i-8-29 འཕགས་པ་རྣམ་པར་མི་རྟོག་པར་འཇུག་པའི་གཟུངས་ཀྱི་རྒྱ་ཆེར་འགྲེལ་པ།.txt	8-29 འཕགས་པ་རྣམ་པར་མི་རྟོག་པར་འཇུག་པའི་གཟུངས་ཀྱི་རྒྱ་ཆེར་འགྲེལ་པ།.csv
i-8-34དེ་ཁོ་ན་ཉིད་བསྡུས་པའི་དཀའ་འགྲེལ།.txt	8-34.csv
i-8-35སློབ་དཔོན་ཀཱ་མ་ལ་ཤཱི་མའི་སྨོན་ལམ་མུ་གཉིས་མ་ཞེས་བྱ་བ།.txt	8-35.csv
i-8-36 འཕགས་པ་སཱ་ལུ་ལྗང་པ་རྒྱ་ཆེར་འགྲེལ་པ།.txt	8-36 འཕགས་པ་སཱ་ལུ་ལྗང་པ་རྒྱ་ཆེར་འགྲེལ་པ།.csv
I-9-10 རྣལ་འབྱོར་སྤྱོད་པའི་ས་ལས་བྱང་ཆུབ་སེམས་དཔའི་ས།.txt	9-10.csv
I-9-11-12རྣལ་འབྱོར་སྤྱོད་པའི་ས་རྣམ་པར་གཏན་ལ་དབབ་པ་བསྡུ་བ། .txt	9-11.csv
I-9-12 རྣལ་འབྱོར་སྤྱོད་པའི་ས་རྣམ་པར་གཏན་ལ་དབབ་པ་བསྡུ་པ།.txt	9-12.csv
I-9-13 རྣལ་འབྱོར་སྤྱོད་པའི་ས་རྣམ་པར་གཏན་ལ་དབབ་པ་བསྡུ་པ།.txt	9-13.csv
I-9-16ཆོས་མངོན་པ་ཀུན་ལས་བཏུས་པ་བཞུགས་སོ.txt	9-16.csv
i-9-17འཕགས་པ་དགོངས་པ་ངེས་པར་འགྲེལ་པའི་མདོའི་རྣམ་པར་བཤད་པ།.txt	9-17 སྣ་ཚོགས་ཆོ.csv
i-9-17 སྣ་ཚོགས་ཇོ།.txt	9-17 སྣ་ཚོགས་ཇོ།.csv
I-9-20 རྣམ་འབྱོར་སྤྱོད་པའི་ས་ལས་དངོས་གཞིའི་ས་མང་པོ།.txt	9-20.csv
I-9-23 རྣམ་འབྱོར་སྤྱོད་པའི་ས་ལས་གཞི་བསྡུ་བ་བཞུགས.txt	9-23.csv
I-9-24རྣལ་འབྱོར་སྤྱོད་པའི་ས་ལས་རྣམ་གྲངས་བསྡུ་བ།.txt	9-24.csv
I-9-9་ཐེག་པ་ཆེན་པོ་རྒྱུད་བླ་མའི་བསྟན་བཅོས་རྣམ་པར་བཤད་པ.txt	9-9.csv
I-རྣམ་གྲྭ 7་ཕུང་པོ་ལྔའི་བཤད་པ། .txt	རྣམ་གྲྭ7.csv
