རྩེ་,མོ་,མཐར་གྱིས་སྐད་ཅིག་,146,ཤེར་ཕྱིན། ཐ།.txt
རྩེ་,མོ་,མ་ཐོབ་ཐོབ་བྱེད་,163,ཤེར་ཕྱིན། ཐ།.txt
རྩེ་,མོ་,ཐོབ་པར་བྱེད་པ་,172,ཤེར་ཕྱིན། ཐ།.txt
མཚན་མ་ཕྲ་,མོ་,ཡོད་པས་སུ་,437,ཤེར་ཕྱིན། ཐ།.txt
ཕན་པར་བྱེད་པ་ཁོ་ནའོརྩེ་,མོ་,ཆུང་ངུའི་མི་དགེ་,652,ཤེར་ཕྱིན། ཐ།.txt
བསྒོམ་ལམ་རྟགས་ནི་ཟབ་,མོ་,བརྒྱད་,713,ཤེར་ཕྱིན། ཐ།.txt
ཟབ་,མོ་,རེ་རེ་ཡིན་ཟེར་,715,ཤེར་ཕྱིན། ཐ།.txt
རྩེ་,མོ་,བདུན་ལ་དྲོད་ཀྱི་,759,ཤེར་ཕྱིན། ཐ།.txt
རྩེ་,མོ་,བརྟགས་གཉིས་སོ་སོ་,762,ཤེར་ཕྱིན། ཐ།.txt
རྟགས་ཀྱི་རྩེ་,མོ་,དཔག་ཅེས་སུ་,763,ཤེར་ཕྱིན། ཐ།.txt
ཁ་ཅིག་རྟགས་གཉིས་རྩེ་,མོ་,རུ་,765,ཤེར་ཕྱིན། ཐ།.txt
རྣམ་འཕེལ་བཅུ་དྲུག་རྩེ་,མོ་,ཡི་,769,ཤེར་ཕྱིན། ཐ།.txt
རྩེ་,མོ་,ཡིན་ཞེས་ལ་ལ་,775,ཤེར་ཕྱིན། ཐ།.txt
བཅུ་དྲུག་ཉིད་ནི་རྩེ་,མོ་,ཞེས་,776,ཤེར་ཕྱིན། ཐ།.txt
རྩེ་,མོ་,ཐོབ་ནས་ཡོད་པས་,779,ཤེར་ཕྱིན། ཐ།.txt
བཟོད་པའི་རྩེ་,མོ་,ཀུན་མཁྱེན་ཉིད་,781,ཤེར་ཕྱིན། ཐ།.txt
རྩེ་,མོ་,ས་དགུ་ཡན་ཆད་,790,ཤེར་ཕྱིན། ཐ།.txt
ཆོས་མཆོག་རྩེ་,མོ་,དཔག་མེད་ཀྱང༌་,797,ཤེར་ཕྱིན། ཐ།.txt
རྩེ་,མོ་,རུ་ནི་བཤད་པ་,800,ཤེར་ཕྱིན། ཐ།.txt
མཐོང་ལམ་རྩེ་,མོ་,སྤངས་པ་དང༌་,801,ཤེར་ཕྱིན། ཐ།.txt
རྟོགས་དང་ཡོན་ཏན་རྩེ་,མོ་,ཞེས་,802,ཤེར་ཕྱིན། ཐ།.txt
རྩེ་,མོ་,དངོས་ནི་ཕ་རོལ་,804,ཤེར་ཕྱིན། ཐ།.txt
དེས་ན་མཐོང་ལམ་རྩེ་,མོ་,ནི་,807,ཤེར་ཕྱིན། ཐ།.txt
སྒོམ་པ་ལམ་གྱི་རྩེ་,མོ་,སྟེ་,838,ཤེར་ཕྱིན། ཐ།.txt
བར་ཆད་མེད་པའི་རྩེ་,མོ་,ནི་,851,ཤེར་ཕྱིན། ཐ།.txt
པོའི་རླུང་གི་དཀྱིལ་འཁོར་སོར་,མོ་,གཅིག་གི་རྩེ་མོས་,178,ཤེར་ཕྱིན། ཀ.txt
ཙམ་པ་དེ་ཐམས་ཅད་སྐྱིལ་,མོ་,ཀྲུང་གཅིག་གིས་རྒྱས་,178,ཤེར་ཕྱིན། ཀ.txt
མི་བྱཕ་ལ་ཡང་མ་ཡིནསྲིང་,མོ་,ལ་ཡང་མ་ཡིནཉེ་,227,ཤེར་ཕྱིན། ཀ.txt
བདག་ལ་རྒྱལ་པོ་ཆེ་གེ་,མོ་,ཞེས་བྱ་བའམ་དམ་,232,ཤེར་ཕྱིན། ཀ.txt
རྣམ་པར་གཞག་སྟེའདི་ལྟར་རྩེ་,མོ་,ཐོབ་པ་རྣམས་ཀྱི་,347,ཤེར་ཕྱིན། ཀ.txt
རྩེ་,མོ་,བཤད་པར་བྱ་སྟེདེ་,636,ཤེར་ཕྱིན། ཀ.txt
རྩེ་,མོ་,རྣམས་ལ་ཇི་ལྟ་,637,ཤེར་ཕྱིན། ཀ.txt
ནི་མེད་པ་ཡིན་ཏེདཔེར་ན་,མོ་,གཤམ་གྱི་བུ་བཞིན་,1159,ཤེར་ཕྱིན། ཀ.txt
དེ་ལ་ཡེ་ཤེས་ཟབ་,མོ་,ནི་འདི་ཡིན་ཏེཀྱེ་,1691,ཤེར་ཕྱིན། ཀ.txt
དང༌རྐྱེན་ཉིད་འདི་ལ་ཟབ་,མོ་,རྗེས་སུ་རྟོགས་པས་,1693,ཤེར་ཕྱིན། ཀ.txt
མི་འགལ་ལ་ཆོས་ཉིད་ཟབ་,མོ་,སྟོན་པ་ནི་ཤེས་,1715,ཤེར་ཕྱིན། ཀ.txt
ཕ་རོལ་ཏུ་ཕྱིན་པ་ཟབ་,མོ་,འདི་བྲིས་ཤིང་གླེགས་,1819,ཤེར་ཕྱིན། ཀ.txt
ཀྱི་བུ་འམ་རིགས་ཀྱི་བུ་,མོ་,གང་དག་གིས་ཇི་,1984,ཤེར་ཕྱིན། ཀ.txt
གྱིས་བརླབས་པ་དང༌ཆོས་ཟབ་,མོ་,ལ་མོས་པ་དང༌,1988,ཤེར་ཕྱིན། ཀ.txt
རིགས་ཀྱི་བུའམ་རིགས་ཀྱི་བུ་,མོ་,ཐབས་མི་མཁས་པས་,2077,ཤེར་ཕྱིན། ཀ.txt
རིགས་ཀྱི་བུའམ་རིགས་ཀྱི་བུ་,མོ་,སེམས་སུ་ཤེས་པ་,2092,ཤེར་ཕྱིན། ཀ.txt
བ་རྣམས་ནི་ཆགས་པ་ཕྲ་,མོ་,ཉིད་དུ་གང་གསུངས་,2099,ཤེར་ཕྱིན། ཀ.txt
པ་དང་འདྲ་བ་ཆོས་ཟབ་,མོ་,འདི་བསྟན་པ་དང་,2135,ཤེར་ཕྱིན། ཀ.txt
རིགས་ཀྱི་བུའམ་རིགས་ཀྱི་བུ་,མོ་,སྲུང་བ་ལ་སོགས་,2143,ཤེར་ཕྱིན། ཀ.txt
དྲོ་བར་གྱུར་པ་དང་རྩེ་,མོ་,ལ་སྦྱོར་བའི་ཕྱིར་,2354,ཤེར་ཕྱིན། ཀ.txt
ཕ་རོལ་ཏུ་ཕྱིན་པ་ཟབ་,མོ་,འདི་ལ་ཕྱིར་མི་,2713,ཤེར་ཕྱིན། ཀ.txt
ཕ་རོལ་ཏུ་ཕྱིན་པ་ཟབ་,མོ་,འདི་ལ་རྟོག་པ་,2714,ཤེར་ཕྱིན། ཀ.txt
དང༌ཕ་དང༌སྤུན་དང༌སྲིང་,མོ་,དང༌བུ་དང༌བུ་,2795,ཤེར་ཕྱིན། ཀ.txt
བྱ་བ་ནི་ཇི་ལྟར་རྩེ་,མོ་,རྣམས་སུ་རང་བཞིན་,2803,ཤེར་ཕྱིན། ཀ.txt
པོ་ནིམ་དང༌ཕ་དང༌སྲིང་,མོ་,ལ་སོགས་པའི་སེམས་,2813,ཤེར་ཕྱིན། ཀ.txt
མཐོང་བ་མེད་པས་ཆོས་ཟབ་,མོ་,ལ་དོགས་པ་དང༌,2844,ཤེར་ཕྱིན། ཀ.txt
དྲོད་དང་རྩེ་,མོ་,བཟོད་བཅས་དང༌་,2876,ཤེར་ཕྱིན། ཀ.txt
དུ་བཅོམ་ལྡན་འདས་གནས་ཟབ་,མོ་,ཟབ,2973,ཤེར་ཕྱིན། ཀ.txt
ཟབ་པ་གང་ཡིན་ཞེ་ནཟབ་,མོ་,སྟོང་པ་ཉིད་ལ་,2976,ཤེར་ཕྱིན། ཀ.txt
པ་ཉིད་ལ་སོགས་པ་ཟབ་,མོ་,ཡིན་ཞེ་ནཟབ,2978,ཤེར་ཕྱིན། ཀ.txt
སོགས་པ་རྣམས་ཀྱི་གནས་ཟབ་,མོ་,ཉིད་བསྟན་པ་ཡིན་,2983,ཤེར་ཕྱིན། ཀ.txt
པ་དང་ལྡན་པའི་གནས་ཟབ་,མོ་,འདི་དག་ལ་ཉེ་,2988,ཤེར་ཕྱིན། ཀ.txt
པོར་བསལ་ནས་ཕྱིས་ནི་ཕྲ་,མོ་,དག་པར་བྱེད་པ་,3008,ཤེར་ཕྱིན། ཀ.txt
རྣམ་པ་བརྒྱད་ཡིན་ཞེ་ནཟབ་,མོ་,རྣམ་པ་བརྒྱད་དོ་,3070,ཤེར་ཕྱིན། ཀ.txt
ཕ་རོལ་ཏུ་ཕྱིན་པ་ཟབ་,མོ་,ལ་སྤྱོད་པ་རྗེས་,3085,ཤེར་ཕྱིན། ཀ.txt
མི་རྟོག་པའི་ཡེ་ཤེས་ཉིན་,མོ་,སྒོམ་པ་རྣམ་པར་,3095,ཤེར་ཕྱིན། ཀ.txt
ནི་རབ་ཏུ་གྲགས་པའི་མཚན་,མོ་,དང་ཉིན,3100,ཤེར་ཕྱིན། ཀ.txt
དང་མི་ལྡན་པ་དང༌ཉིན་,མོ་,དང༌མཚན,3121,ཤེར་ཕྱིན། ཀ.txt
བར་གྱུར་པ་ཉིད་དང༌སྲིང་,མོ་,གངྒཱའི་ལྷ་མོས་དེ་,3122,ཤེར་ཕྱིན། ཀ.txt
ནི་ཕྱིར་མི་ལྡོག་པའི་རྩེ་,མོ་,ལས་ཕྱིར་མི་ལྡོག་,3182,ཤེར་ཕྱིན། ཀ.txt
འབྱོར་གྱི་ཆོས་སྒོམ་པའི་རྩེ་,མོ་,ཐོབ་པ་གང་ཡིན་,3183,ཤེར་ཕྱིན། ཀ.txt
ཡོད་པ་དེ་དག་སྐྲའི་རྩེ་,མོ་,བརྒྱར་གཤགས་པའི་ཆ་,3239,ཤེར་ཕྱིན། ཀ.txt
པ་ཡིན་ཏེདགེ་སློང་དག་མཚན་,མོ་,འདས་ནས་ནང་པར་,3257,ཤེར་ཕྱིན། ཀ.txt
ལྟར་སྤྱོད་པ་ནི་དོན་ཟབ་,མོ་,ལ་སྤྱོད་པ་ཉིད་,3273,ཤེར་ཕྱིན། ཀ.txt
པ་ནི་ཡང་ཆུ་ཀླུང་ཕྲ་,མོ་,རྣམས་གངྒཱའི་ཆུ་དང་,3299,ཤེར་ཕྱིན། ཀ.txt
རྟོག་པ་ནིཡང་ཆུ་ཀླུང་ཕྲ་,མོ་,དང་ཆུ་ཀླུང་ཆེན་,3301,ཤེར་ཕྱིན། ཀ.txt
དེ་ཉིད་སློང་,མོ་,པ་རྣམས་ཀྱིས་གཤེ་,3393,ཤེར་ཕྱིན། ཀ.txt
བུ་དང་བུ་,མོ་,བརྗོད་པ་ནི་རབ་,3522,ཤེར་ཕྱིན། ཀ.txt
ཇི་སྐད་དུསྲིང་,མོ་,ཕུང་པོ་ནི་རྨི་,3700,ཤེར་ཕྱིན། ཀ.txt
པ་མེད་པའི་ཕྱིར་དང༌ཕྲ་,མོ་,ཡོད་པའི་ཕྱིར་ན་,3762,ཤེར་ཕྱིན། ཀ.txt
ཚོན་,མོ་,སྟེ་ས་དང༌་,3783,ཤེར་ཕྱིན། ཀ.txt
སོར་,མོ་,རིང་དང་རྟིང་ཡངས་,3946,ཤེར་ཕྱིན། ཀ.txt
ལྟར་ཕྱག་དང་ཞབས་ཀྱི་སོར་,མོ་,དྲ་བས་འབྲེལ་པས་,3963,ཤེར་ཕྱིན། ཀ.txt
དང༌ཕྱག་དང་ཞབས་ཀྱི་སེར་,མོ་,རིང་བས་སོར,3963,ཤེར་ཕྱིན། ཀ.txt
ན་ཕྱག་དང་ཞབས་ཀྱི་སོར་,མོ་,དྲ་བས་འབྲེལ་པ་,3980,ཤེར་ཕྱིན། ཀ.txt
ལྡོག་པ་བསྟེན་པས་ན་སོར་,མོ་,རིང་བ་དང་རྟིང་,3982,ཤེར་ཕྱིན། ཀ.txt
ལས་ཡིན་ལརང་ཉིད་ནི་སློང་,མོ་,པ་མ་སྤངས་ཤིང་,3986,ཤེར་ཕྱིན། ཀ.txt
ཕ་དང༌སྤུན་ཟླ་དང༌སྲིང་,མོ་,རྣམས་དང༌བླ་མ་,3990,ཤེར་ཕྱིན། ཀ.txt
པ་དང་བྲལ་བས་ན་སེན་,མོ་,ཟངས་ཀྱི་མདོག་ལྟ་,4002,ཤེར་ཕྱིན། ཀ.txt
པའི་ཐུགས་མངའ་བས་ན་སེན་,མོ་,སྣུམ་པ་དང༌རིགས་,4003,ཤེར་ཕྱིན། ཀ.txt
མཐོན་པོར་བལྟམས་པས་ན་སེན་,མོ་,མཐོ་བ་དང༌ཚུལ་,4003,ཤེར་ཕྱིན། ཀ.txt
བ་མི་མངའ་བས་ན་སོར་,མོ་,རྣམས་ཟླུམ་པ་དང༌,4003,ཤེར་ཕྱིན། ཀ.txt
རྒྱ་ཆེན་པོ་བསགས་པས་ནསོར་,མོ་,རྣམས་རྒྱས་པ་དང༌,4003,ཤེར་ཕྱིན། ཀ.txt
ཡང་དག་པར་བསགས་པས་ནསོར་,མོ་,རྣམས་རིམ་གྱིས་ཕྲ་,4003,ཤེར་ཕྱིན། ཀ.txt
ཕྱང་ངེ་བ་དང༌ཆོས་ཟབ་,མོ་,མངོན་དུ་མཛད་པས་,4003,ཤེར་ཕྱིན། ཀ.txt
བརྙེས་པས་ན་ཕྱག་གི་རི་,མོ་,མདངས་ཡོད་པ་དང༌,4003,ཤེར་ཕྱིན། ཀ.txt
གནས་པས་ན་ཕྱག་གི་རི་,མོ་,ཟབ་པ་དང༌རྒྱ་,4003,ཤེར་ཕྱིན། ཀ.txt
མཛད་པས་ན་ཕྱག་གི་རི་,མོ་,རིང་བ་དང༌ཤིན་,4003,ཤེར་ཕྱིན། ཀ.txt
པ་འདི་ཡིན་ཏེཐུབ་པའི་སེན་,མོ་,ཟངས་མདོག་དང༌་,4004,ཤེར་ཕྱིན། ཀ.txt
མདོག་སྣུམ་མཐོ་དང་སོར་,མོ་,རྣམས་,4005,ཤེར་ཕྱིན། ཀ.txt
འགོད་པ་ནིདེའི་འོག་ཏུསྐྲའི་རྩེ་,མོ་,བྱེ་བར་གཤགས་པའི་,4114,ཤེར་ཕྱིན། ཀ.txt
རིང་,མོ་,ཞིག་ནས་མཐོང་བ་,4222,ཤེར་ཕྱིན། ཀ.txt
ལྡན་འདས་ཀྱི་ཞལ་གྱི་པད་,མོ་,ནས་མངོན་སུམ་དུ་,9,ཤེར་ཕྱིན། མ།.txt
དེ་དག་ནི་མདོ་སྡེ་ཟབ་,མོ་,རིན་པོ་ཆེ་དཔག་,31,ཤེར་ཕྱིན། མ།.txt
ཟིན་ཀྱང་དེའི་ཚེ་ཆོས་ཟབ་,མོ་,མཉན་པ་ལ་གུས་,53,ཤེར་ཕྱིན། མ།.txt
མཉམ་པར་བཞག་བཞིན་དུ་པད་,མོ་,ལ་སོགས་པའི་ནང་,55,ཤེར་ཕྱིན། མ།.txt
ཅུང་ཟད་ཙམ་ཡང་སྟེ་ཕྲ་,མོ་,ཙམ་ཡང་ཆོས་བླ་,370,ཤེར་ཕྱིན། མ།.txt
དུའཇམ་དཔལ་ཁྱོད་ཀྱིས་ཆོས་ཟབ་,མོ་,འདི་ལྟ་བུ་འདི་,418,ཤེར་ཕྱིན། མ།.txt
ཟབ་,མོ་,ཞེས་བྱ་བ་ནི་,419,ཤེར་ཕྱིན། མ།.txt
ཕྱིརརིགས་ཀྱི་བུའམ་རིགས་ཀྱི་བུ་,མོ་,གང་དག་ཤེས་རབ་,490,ཤེར་ཕྱིན། མ།.txt
ཀྱིས་གསལ་བར་བྱ་བའི་ཕྱིརསྲིང་,མོ་,དམིགས་པ་མེད་པས་,550,ཤེར་ཕྱིན། མ།.txt
འཇམ་དཔལ་འདི་ཅིའི་རྒྱུས་ཟབ་,མོ་,འཆད་པ་ལ་མཁས་,590,ཤེར་ཕྱིན། མ།.txt
ཟ་བའི་ཕྱིརའཇམ་དཔལ་ཁྱོད་ཟབ་,མོ་,ཟབ་མོའི་གནས་འདི་,590,ཤེར་ཕྱིན། མ།.txt
ཟབ་,མོ་,ཟབ་པ་ཞེས་བྱ་,591,ཤེར་ཕྱིན། མ།.txt
རྒྱལ་བ་རྣམས་ཀྱིས་ཆོས་ཟབ་,མོ་,འཆད་པའི་བྱ་བ་,595,ཤེར་ཕྱིན། མ།.txt
པ་དེ་ཁོ་ན་ཉིད་ཟབ་,མོ་,ཐོས་པ་རྣམས་ལ་,636,ཤེར་ཕྱིན། མ།.txt
བ་མེད་པ་ལ་རྩ་བའམརྩེ་,མོ་,ཞེས་བྱ་བ་མེད་,771,ཤེར་ཕྱིན། མ།.txt
རྩེ་,མོ་,མེད་པ་ནི་ཐ་,772,ཤེར་ཕྱིན། མ།.txt
དེ་ལྟར་ན་རྡུལ་ཕྲ་,མོ་,གཅིག་པུ་ནི་ཇི་,860,ཤེར་ཕྱིན། མ།.txt
པར་གཞིག་པ་དང༌རྡུལ་ཕྲ་,མོ་,ལ་སོགས་པ་བཀག་,888,ཤེར་ཕྱིན། མ།.txt
མོས་པ་རྣམས་ལ་ཆོས་ཟབ་,མོ་,འཆད་པ་ནི་བྱང་,961,ཤེར་ཕྱིན། མ།.txt
གི་ཚེ་སྐྲའི་ཉག་མ་ཕྲ་,མོ་,ལ་ཕོག་པར་གྱུར་,1107,ཤེར་ཕྱིན། མ།.txt
སྐྲ་ཉག་མ་ཕྲ་,མོ་,ལ་ཕོག་པར་མཁས་,1109,ཤེར་ཕྱིན། མ།.txt
ནདོན་དམ་པར་སེམས་ཀྱི་རྩེ་,མོ་,དམིགས་པར་གདགས་པ་,1130,ཤེར་ཕྱིན། མ།.txt
པའི་ཕྱིརའཇམ་དཔལ་ཁྱོད་ཀྱིས་ཟབ་,མོ་,ཟབ་པའི་གནས་འདི་,1137,ཤེར་ཕྱིན། མ།.txt
བ་ལ་སོགས་པ་གསུངས་ཏེཟབ་,མོ་,ཟབ་པའི་གནས་ཞེས་,1137,ཤེར་ཕྱིན། མ།.txt
བའི་བློ་གྲོས་གང་གི་ནུབ་,མོ་,དེ་བཞིན་གཤེགས་པ་,1242,ཤེར་ཕྱིན། མ།.txt
བའི་རྒྱ་མཚོར་སྐྱེས་ཀྱང་པད་,མོ་,བཞིན་དུ་དེའི་དྲི་,1324,ཤེར་ཕྱིན། མ།.txt
ལ་ལ་ཆོས་འདུལ་བ་ཟབ་,མོ་,འདི་དང་ཞེས་བྱ་,1336,ཤེར་ཕྱིན། མ།.txt
ཕ་རོལ་ཏུ་ཕྱིན་པ་ཟབ་,མོ་,འདི་ལ་ཞེས་བྱ་,1337,ཤེར་ཕྱིན། མ།.txt
འོངས་པའི་དུས་ན་ཆོས་ཟབ་,མོ་,འདུལ་བ་འདི་དང་,1354,ཤེར་ཕྱིན། མ།.txt
ཕ་རོལ་ཏུ་ཕྱིན་པ་ཟབ་,མོ་,འདི་ལ་ཉན་པ་,1354,ཤེར་ཕྱིན། མ།.txt
ཕ་རོལ་ཏུ་ཕྱིན་པ་ཟབ་,མོ་,མ་སྐྱེས་པ་དང་,1376,ཤེར་ཕྱིན། མ།.txt
ཕ་རོལ་ཏུ་ཕྱིན་པ་ཟབ་,མོ་,མ་སྐྱེས་པ་དང༌,1384,ཤེར་ཕྱིན། མ།.txt
རིགས་ཀྱི་བུ་ཕོའམརིགས་ཀྱི་བུ་,མོ་,དེ་དག་ལ་རྣམ་,1424,ཤེར་ཕྱིན། མ།.txt
ཕ་རོལ་ཏུ་ཕྱིན་པ་ཟབ་,མོ་,ཤིན་ཏུ་མ་སྐྱེས་,1427,ཤེར་ཕྱིན། མ།.txt
རིམ་གྲོ་བྱ་བ་ནི་ཐལ་,མོ་,སྦྱར་བ་དང༌བསྐོར་,1447,ཤེར་ཕྱིན། མ།.txt
ན་ཞེས་དེ་ལྟ་བུའི་ཟབ་,མོ་,བསྟན་པ་འདི་ལ་,1456,ཤེར་ཕྱིན། མ།.txt
ཁོ་ན་ཡིན་ཏེའདི་ལྟར་རི་,མོ་,བཀྲམ་པ་ལ་སོགས་,1476,ཤེར་ཕྱིན། མ།.txt
འགྲུབ་པ་ཁོ་ན་ཡིན་ཏེརི་,མོ་,བཀྲ་བ་ལ་སོགས་,1501,ཤེར་ཕྱིན། མ།.txt
སྐྱིལ་,མོ་,ཀྲུང་བཅས་ཏེ་འདུག་,1687,ཤེར་ཕྱིན། མ།.txt
ཀྱིས་དེ་དང་མཐུན་པར་སྐྱིལ་,མོ་,ཀྲུང་བཅས་པ་ཡིན་,1687,ཤེར་ཕྱིན། མ།.txt
རིགས་ཀྱི་བུའམ་རིགས་ཀྱི་བུ་,མོ་,དེ་ཏིང་ངེ་འཛིན་,1754,ཤེར་ཕྱིན། མ།.txt
རིགས་ཀྱི་བུའམ་རིགས་ཀྱི་བུ་,མོ་,དེས་མ་སྐྱེས་པ་,1757,ཤེར་ཕྱིན། མ།.txt
ཕྱིརརིགས་ཀྱི་བུའམ་རིགས་ཀྱི་བུ་,མོ་,གང་གིས་བསྟན་པ་,1778,ཤེར་ཕྱིན། མ།.txt
རིགས་ཀྱི་བུའམ་རིགས་ཀྱི་བུ་,མོ་,གང་ཤེས་རབ་ཀྱི་,1805,ཤེར་ཕྱིན། མ།.txt
ཕ་རོལ་ཏུ་ཕྱིན་པ་ཟབ་,མོ་,འདི་ལ་མི་སློབ་,1805,ཤེར་ཕྱིན། མ།.txt
ཕ་རོལ་ཏུ་ཕྱིན་པ་ཟབ་,མོ་,འདི་ཉན་པར་འཚལ་,1867,ཤེར་ཕྱིན། མ།.txt
བའི་རིགས་ཀྱི་བུའམརིགས་ཀྱི་བུ་,མོ་,དེ་ལྟར་གནས་ཤིང་,1905,ཤེར་ཕྱིན། མ།.txt
རིགས་ཀྱི་བུའམ་རིགས་ཀྱི་བུ་,མོ་,དེ་ལ་ཡང་ཕྱིས་,1909,ཤེར་ཕྱིན། མ།.txt
ཀྱི་བུ་འམ་རིགས་ཀྱི་བུ་,མོ་,དེ་དག་ནི་བྱང་,1964,ཤེར་ཕྱིན། མ།.txt
རིགས་ཀྱི་བུའམ་རིགས་ཀྱི་བུ་,མོ་,ཕྱག་རྒྱ་འདིས་བཏབ་,1979,ཤེར་ཕྱིན། མ།.txt
འདས་ཀྱིས་དམ་པའི་ཆོས་ཟབ་,མོ་,ཐོས་པས་གཞན་ལ་,2023,ཤེར་ཕྱིན། མ།.txt
རིགས་ཀྱི་བུའམ་རིགས་ཀྱི་བུ་,མོ་,གང་གིས་སྟོང་གསུམ་,2071,ཤེར་ཕྱིན། མ།.txt
འདི་ནི་ཟབ་,མོ་,སྟེ་རྟེན་གཉིས་པ་,2137,ཤེར་ཕྱིན། མ།.txt
དེ་ཕྲ་,མོ་,དང་སྙིང་པོ་ཉིད་,2168,ཤེར་ཕྱིན། མ།.txt
དཀའ་བ་ཉིད་ཀྱིས་ན་ཕྲ་,མོ་,ཡིན་ཞིང༌སྤང་དཀའ་,2168,ཤེར་ཕྱིན། མ།.txt
དེ་ནི་མ་རིག་པའི་མཚན་,མོ་,འདས་ཤིང་ཡེ་ཤེས་,2384,ཤེར་ཕྱིན། མ།.txt
རིགས་ཀྱི་བུའམ་རིགས་ཀྱི་བུ་,མོ་,གང་དག་ཆོས་ཀྱི་,2386,ཤེར་ཕྱིན། མ།.txt
རིགས་ཀྱི་བུའམ་རིགས་ཀྱི་བུ་,མོ་,དེ་རྣམས་ཀྱི་བསོད་,2408,ཤེར་ཕྱིན། མ།.txt
རིགས་ཀྱི་བུའམ་རིགས་ཀྱི་བུ་,མོ་,གང་ལ་ལ་ཞིག་,2514,ཤེར་ཕྱིན། མ།.txt
ཞེས་བྱ་སྟེརྡོ་རྗེ་ནི་རྩེ་,མོ་,གཉིས་སྦོམ་ལ་དབུས་,2573,ཤེར་ཕྱིན། མ།.txt
ལྡན་འདས་ཀྱི་ཕྱག་གི་སེན་,མོ་,བདུད་རྩི་ཅན་གྱིས་,2644,ཤེར་ཕྱིན། མ།.txt
པ་བསྐྱེད་པ་དང༌དོན་ཟབ་,མོ་,ལ་འཇུག་པར་བྱ་,2699,ཤེར་ཕྱིན། མ།.txt
སུ་སྨིན་པ་རྣམས་དོན་ཟབ་,མོ་,ལ་འཇུག་པར་བྱ་,2701,ཤེར་ཕྱིན། མ།.txt
ཟབ་,མོ་,ལ་སོགས་པའི་གནས་,2795,ཤེར་ཕྱིན། མ།.txt
པར་ཡང་མི་རིགས་ཏེདཔེར་ན་,མོ་,གཤམ་གྱི་བུ་བཞིན་,2815,ཤེར་ཕྱིན། མ།.txt
མི་དམིགས་པའི་ངོ་བོ་ཉིད་,མོ་,གཤམ་གྱི་བུ་ལ་,2847,ཤེར་ཕྱིན། མ།.txt
མེད་པས་དེ་ལྟ་བས་ན་,མོ་,གཤམ་གྱི་བུ་དང་,2851,ཤེར་ཕྱིན། མ།.txt
པོ་བརྒྱད་ཅུ་དག་ནི་སེན་,མོ་,ཟངས་ཀྱི་མདོག་འདྲ་,2989,ཤེར་ཕྱིན། མ།.txt
ད་ནི་གང་ཟག་ཆོས་ཟབ་,མོ་,འདི་ཐོས་ནས་ཡིད་,3451,ཤེར་ཕྱིན། མ།.txt
དག་གོཉིད་ལག་རྣམས་ནི་སོར་,མོ་,ལ་སོགས་པ་དག་,3471,ཤེར་ཕྱིན། མ།.txt
ཀྱི་བུ་འམ་རིགས་ཀྱི་བུ་,མོ་,གང་དག་ཅེས་བྱ་,3634,ཤེར་ཕྱིན། མ།.txt
རྣམས་ཀྱི་ཆ་ནི་རིའི་རྩེ་,མོ་,ཡིན་གྱི་རྩྭའི་རྩེ་,3652,ཤེར་ཕྱིན། མ།.txt
རིགས་ཀྱི་བུའམ་རིགས་ཀྱི་བུ་,མོ་,ཐ་ན་གང་ཕྱིའི་,3801,ཤེར་ཕྱིན། མ།.txt
དེ་ལ་ད་ནི་ཆོས་ཟབ་,མོ་,འདི་ལྟ་བུ་མ་,3853,ཤེར་ཕྱིན། མ།.txt
ཀྱི་ཆོས་ཀྱི་རང་བཞིན་ཕྲ་,མོ་,ཡང་མི་དམིགས་ཤིང་,3875,ཤེར་ཕྱིན། མ།.txt
འབྱོར་རིགས་ཀྱི་བུའམ་རིགས་ཀྱི་,མོ་,གང་གིས་ཞེས་བྱ་,4035,ཤེར་ཕྱིན། མ།.txt
སྟེཇི་ལྟར་སྐར་མ་རྣམས་མཚན་,མོ་,སྣང་བར་འགྱུར་གྱིཉིན་,4149,ཤེར་ཕྱིན། མ།.txt
ཀྱི་བུ་འམ་རིགས་ཀྱི་བུ་,མོ་,གང་ལ་ལ་ཞེས་,4257,ཤེར་ཕྱིན། མ།.txt
ཕ་རོལ་ཏུ་ཕྱིན་པ་ཟབ་,མོ་,ཞེས་བྱ་བ་དང༌,4257,ཤེར་ཕྱིན། མ།.txt
ཟབ་,མོ་,ཁྱོད་ལ་ཕྱག་འཚལ་,757,བསྟོད་ཚོགས། ཀ.txt
མཛད་པར་བསྟན་པ་དང༌མཚན་,མོ་,མངོན་པར་བྱུང་བ་,883,བསྟོད་ཚོགས། ཀ.txt
སེམས་ཅན་ཀུན་གྱི་ཕྱི་,མོ་,ལགས་,985,བསྟོད་ཚོགས། ཀ.txt
གྲགས་ལྡན་མ་ཁྱོད་བཟང་,མོ་,ལགས་,1019,བསྟོད་ཚོགས། ཀ.txt
རིགས་ལ་གཟིགས་ནས་ལྷ་,མོ་,སྒྱུ་འཕྲུལ་གྱི་,1591,བསྟོད་ཚོགས། ཀ.txt
ན་མ་ཐོ་སྤང་ཕྱིར་བཙུན་,མོ་,ཡི་,1602,བསྟོད་ཚོགས། ཀ.txt
འཁོར་,མོ་,འཇིག་གི་ཡུལ་དུ་,1623,བསྟོད་ཚོགས། ཀ.txt
ཕ་དང་མ་དང་སྲིང་,མོ་,དང༌་,1693,བསྟོད་ཚོགས། ཀ.txt
བུ་དང་ཆུང་མ་མཛའ་བཤེས་,མོ་,,1694,བསྟོད་ཚོགས། ཀ.txt
དེ་ཡི་ནུབ་,མོ་,ཁོ་ན་ལ་,2120,བསྟོད་ཚོགས། ཀ.txt
རོལ་,མོ་,མཁན་གྱི་སྒྱུ་རྩལ་,2267,བསྟོད་ཚོགས། ཀ.txt
རོལ་,མོ་,མཁན་གྱི་བཟོ་སོགས་,2294,བསྟོད་ཚོགས། ཀ.txt
མཚན་,མོ་,སྟོན་ཀའི་ཟླ་བ་,3044,བསྟོད་ཚོགས། ཀ.txt
དཔལ་འབྱོར་འབངས་དང་བཙུན་,མོ་,ཞེས་བྱ་བ་འདི་,3051,བསྟོད་ཚོགས། ཀ.txt
དེའི་ཕྲ་,མོ་,ནི་ཤིན་ཏུ་ཕྲ་,3260,བསྟོད་ཚོགས། ཀ.txt
དེའི་ཕྲ་,མོ་,ནི་དེ་རྩོམ་པར་,3263,བསྟོད་ཚོགས། ཀ.txt
མདོ་སྡེ་རིན་ཆེན་ཟབ་,མོ་,ནི་,203,ཤེར་ཕྱིན། ཆ།.txt
བ་ཉིད་ཀྱིས་རྡོ་རྗེའི་སྐྱིལ་,མོ་,ཀྲུང་དུ་སྐུ་དྲང་,223,ཤེར་ཕྱིན། ཆ།.txt
དཔའས་ས་ཕྱོགས་གཙང་མར་སྐྱིལ་,མོ་,ཀྲུང་བཅས་ཏེསངས་རྒྱས་,375,ཤེར་ཕྱིན། ཆ།.txt
ཕ་རོལ་ཏུ་ཕྱིན་པ་ཟབ་,མོ་,ལ་བདག་ཉིད་ནུས་,479,ཤེར་ཕྱིན། ཆ།.txt
གདམས་པ་དང༌དུས་ཡུན་རིང་,མོ་,ཞིག་ཏུ་གོམས་པར་,561,ཤེར་ཕྱིན། ཆ།.txt
ཟབ་,མོ་,ཞེས་བྱ་བ་ནི་,767,ཤེར་ཕྱིན། ཆ།.txt
སྤྱོད་ལདེ་ལྟར་ན་ཡང་རྩེ་,མོ་,ཆུང་ངུར་གཙོར་གྱུར་,810,ཤེར་ཕྱིན། ཆ།.txt
འདི་ལྟར་རྩེ་,མོ་,ཆུང་ངུའི་རྣམ་པའི་,813,ཤེར་ཕྱིན། ཆ།.txt
ཞེས་བྱ་བ་ནི་གཙོར་རྩེ་,མོ་,ཆུང་ངུའི་རང་བཞིན་,817,ཤེར་ཕྱིན། ཆ།.txt
ཕ་རོལ་ཏུ་ཕྱིན་པ་རྩེ་,མོ་,ཆེན་པོའི་རང་བཞིན་,879,ཤེར་ཕྱིན། ཆ།.txt
བའི་རྩ་བ་གཡོ་བའི་རྩེ་,མོ་,ཡིན་པའི་ཕྱིར་རྩེ་,881,ཤེར་ཕྱིན། ཆ།.txt
ས་བདག་གི་རྒྱལ་པོའི་བཙུན་,མོ་,སྡུག་པ་ཤི་བ་,1118,ཤེར་ཕྱིན། ཆ།.txt
པ་མེད་པ་དང༌ཆོས་ཟབ་,མོ་,ལ་བཟོད་པའི་ངེས་,1516,ཤེར་ཕྱིན། ཆ།.txt
ལ་སྐྲག་པའི་སེམས་དང༌སློང་,མོ་,པའི་སྐྱེ་བོས་བསླངས་,1534,ཤེར་ཕྱིན། ཆ།.txt
དགའ་བ་དང༌དབུལ་བས་སློང་,མོ་,བའི་སྐྱེ་བོ་སྤོང་,1534,ཤེར་ཕྱིན། ཆ།.txt
དང་བྲལ་བ་དང༌ཆོས་ཟབ་,མོ་,ལ་ངེས་པར་རྟོགས་,1544,ཤེར་ཕྱིན། ཆ།.txt
ཆོས་ཟབ་,མོ་,རྣམ་པ་ཐམས་ཅད་,1667,ཤེར་ཕྱིན། ཆ།.txt
རྩེ་,མོ་,བསྟན་པའི་ཕྱིར་གཟུགས་,2053,ཤེར་ཕྱིན། ཆ།.txt
དེ་བས་ན་རྩེ་,མོ་,གཏོགས་པར་བྱ་བའི་,2063,ཤེར་ཕྱིན། ཆ།.txt
གྱི་ཐེག་པའི་ཁྱད་པར་ཟབ་,མོ་,ཉིད་ལ་སོགས་པ་,2105,ཤེར་ཕྱིན། ཆ།.txt
དང༌རྐྱེན་ཉིད་འདི་པ་ཟབ་,མོ་,ཁོང་དུ་ཆུད་པས་,2268,ཤེར་ཕྱིན། ཆ།.txt
པས་གང་གིས་ཡེ་ཤེས་ཟབ་,མོ་,འགྲུབ་པར་འགྱུར་བཆོས་,2276,ཤེར་ཕྱིན། ཆ།.txt
རིགས་ཀྱི་བུའམ་རིགས་ཀྱི་བུ་,མོ་,ཞེས་བྱ་བའི་སྒྲ་,2663,ཤེར་ཕྱིན། ཆ།.txt
བུ་དང་བུ་,མོ་,སྨོས་པ་ནི་རབ་,2667,ཤེར་ཕྱིན། ཆ།.txt
ཕྱིརརིགས་ཀྱི་བུའམ་རིགས་ཀྱི་བུ་,མོ་,ཞེས་བྱ་བ་ལ་,2806,ཤེར་ཕྱིན། ཆ།.txt
བྱས་པའི་ཡུམ་རིག་སྔགས་ཆེན་,མོ་,ལ་སོགས་པའི་རང་,2871,ཤེར་ཕྱིན། ཆ།.txt
རིག་སྔགས་ཆེན་,མོ་,ཞེས་བྱ་བ་ལ་,2872,ཤེར་ཕྱིན། ཆ།.txt
འདི་རིག་སྔགས་ཆེན་,མོ་,ལ་སོགས་པ་ཇི་,2876,ཤེར་ཕྱིན། ཆ།.txt
པར་བསལ་བས་རིག་སྔགས་ཆེན་,མོ་,ལ་སོགས་པའི་རང་,2877,ཤེར་ཕྱིན། ཆ།.txt
རྒྱས་རྣམས་ཀྱི་ཚུལ་ནི་གཙོ་,མོ་,སྟེ་ཡུམ་ཤེས་རབ་,3053,ཤེར་ཕྱིན། ཆ།.txt
རོལ་,མོ་,དང་ཕེག་རྡོབ་པ་,3142,ཤེར་ཕྱིན། ཆ།.txt
སོགས་པའི་སྒྲ་སྐད་ནི་རོལ་,མོ་,ཐམས་ཅད་དོ་,3142,ཤེར་ཕྱིན། ཆ།.txt
མི་འགྱུར་བའི་མཐུ་ཆ་ཕྲ་,མོ་,ཡང་ངོ༌་,3149,ཤེར་ཕྱིན། ཆ།.txt
ལྡན་འདས་མ་རིག་སྔགས་ཆེན་,མོ་,ལ་སོགས་པ་ཉིད་,3168,ཤེར་ཕྱིན། ཆ།.txt
ལྡན་འདས་མའི་རིག་སྔགས་ཆེན་,མོ་,ཉིད་ལ་སོགས་པ་,3176,ཤེར་ཕྱིན། ཆ།.txt
པ་འདི་ནི་རིག་སྔགས་ཆེན་,མོ་,ཞེས་བྱ་བ་ལ་,3177,ཤེར་ཕྱིན། ཆ།.txt
དོ་ཞེས་རྟོགས་ཏེརིག་སྔགས་ཆེན་,མོ་,ལ་སོགས་པ་ཉིད་,3177,ཤེར་ཕྱིན། ཆ།.txt
ན་སྨན་ལ་ལ་ཉིད་མཚན་,མོ་,སྐར་མ་ལྟར་ཀུན་,3212,ཤེར་ཕྱིན། ཆ།.txt
ཡུན་རིང་,མོ་,ཞིག་ནི་ཞེས་བྱ་,3279,ཤེར་ཕྱིན། ཆ།.txt
རིགས་ཀྱི་བུའམ་རིགས་ཀྱི་བུ་,མོ་,ཞེས་བྱ་བ་ལ་,3330,ཤེར་ཕྱིན། ཆ།.txt
ཐལ་,མོ་,སྦྱོར་བར་བྱེད་པས་,3347,ཤེར་ཕྱིན། ཆ།.txt
རིགས་ཀྱི་བུའམ་རིགས་ཀྱི་བུ་,མོ་,དེས་འདི་ལྟར་སེམས་,3356,ཤེར་ཕྱིན། ཆ།.txt
ཀྱི་བུ་འམ་རིགས་ཀྱི་བུ་,མོ་,དེའི་ཁྱིམ་དང་ཞེས་,3360,ཤེར་ཕྱིན། ཆ།.txt
ཀྱི་བུ་འམ་རིགས་ཀྱི་བུ་,མོ་,དེས་ཞེས་བྱ་བ་,3368,ཤེར་ཕྱིན། ཆ།.txt
ཀྱི་བུ་འམ་རིགས་ཀྱི་བུ་,མོ་,ཞེས་བྱ་བ་ལ་,3387,ཤེར་ཕྱིན། ཆ།.txt
ཀྱི་བུ་འམ་རིགས་ཀྱི་བུ་,མོ་,འདི་ཉིད་ཅེས་བྱ་,3406,ཤེར་ཕྱིན། ཆ།.txt
ཀྱི་བུ་འམ་རིགས་ཀྱི་བུ་,མོ་,འདི་ཉིད་དེ་བས་,3407,ཤེར་ཕྱིན། ཆ།.txt
འདི་ལ་ཅིའི་ཕྱིར་རི་,མོ་,བྱེད་ཅེ་ནའདི་ནི་,3421,ཤེར་ཕྱིན། ཆ།.txt
ཀྱི་བུ་འམ་རིགས་ཀྱི་བུ་,མོ་,གང་དག་ཅེས་བྱ་,3578,ཤེར་ཕྱིན། ཆ།.txt
ཀྱི་བུ་འམ་རིགས་ཀྱི་བུ་,མོ་,གང་གིས་འཛམྦུའི་གླིང་,3582,ཤེར་ཕྱིན། ཆ།.txt
ཀྱི་བུ་འམ་རིགས་ཀྱི་བུ་,མོ་,འཛམ་བུའི་གླིང་ཞེས་,3642,ཤེར་ཕྱིན། ཆ།.txt
ཀྱི་བུ་འམ་རིགས་ཀྱི་བུ་,མོ་,གང་གིས་འཛམ་བུའི་,3645,ཤེར་ཕྱིན། ཆ།.txt
རིགས་ཀྱི་བུའམ་རིགས་ཀྱི་བུ་,མོ་,གང་ལ་ལ་ཞིག་,3649,ཤེར་ཕྱིན། ཆ།.txt
ཀྱི་བུ་འམ་རིགས་ཀྱི་བུ་,མོ་,གང་ལ་ལ་ཞིག་,3651,ཤེར་ཕྱིན། ཆ།.txt
ཀྱི་བུ་འམ་རིགས་ཀྱི་བུ་,མོ་,གང་གིས་ཞེས་བྱ་,3661,ཤེར་ཕྱིན། ཆ།.txt
ཀུན་རྫོབ་ཏུ་དྲི་མ་ཕྲ་,མོ་,བསལ་བ་ཁྲུས་མཁན་,4355,ཤེར་ཕྱིན། ཆ།.txt
ཡང་ཇི་ལྟར་ཆགས་པ་ཕྲ་,མོ་,མི་མཐུན་པའི་ཕྱོགས་,4434,ཤེར་ཕྱིན། ཆ།.txt
དམིགས་པ་ནི་ཆགས་པ་ཕྲ་,མོ་,ཡིན་པས་མི་མཐུན་,4445,ཤེར་ཕྱིན། ཆ།.txt
རིགས་ཀྱི་བུའམ་རིགས་ཀྱི་བུ་,མོ་,གང་ཞེས་བྱ་བ་,4540,ཤེར་ཕྱིན། ཆ།.txt
རིགས་ཀྱི་བུའམ་རིགས་ཀྱི་བུ་,མོ་,དེ་ཞེས་བྱ་བ་,4611,ཤེར་ཕྱིན། ཆ།.txt
པོར་གྱུར་པདྲོ་བ་དང་རྩེ་,མོ་,ལ་སྦྱོར་བའི་ཕྱིར་,4776,ཤེར་ཕྱིན། ཆ།.txt
ཕ་རོལ་ཏུ་ཕྱིན་པ་ཟབ་,མོ་,འདི་ལྟ་བ་དང་,4883,ཤེར་ཕྱིན། ཆ།.txt
ཕ་རོལ་ཏུ་ཕྱིན་པ་ཟབ་,མོ་,འདི་ཉིད་ཉན་པ་,4910,ཤེར་ཕྱིན། ཆ།.txt
བྱ་བ་ནི་ཉེས་བྱས་ཕྲ་,མོ་,ཙམ་མཐོང་བས་སོ་,5041,ཤེར་ཕྱིན། ཆ།.txt
ཀྱི་བུ་དང་རིགས་ཀྱི་བུ་,མོ་,གང་དག་གིས་ཞེས་,5053,ཤེར་ཕྱིན། ཆ།.txt
ཤཱ་རིའི་བུ་མདོ་སྡེ་ཟབ་,མོ་,ཞེས་བྱ་བ་ལ་,5089,ཤེར་ཕྱིན། ཆ།.txt
སྤོབས་པ་རིང་,མོ་,ཞིག་ན་ཞེས་བྱ་,5101,ཤེར་ཕྱིན། ཆ།.txt
བ་ནིདུས་རིང་,མོ་,ཞིག་ན་ཡུམ་ལ་,5101,ཤེར་ཕྱིན། ཆ།.txt
ཟས་དཀོན་པ་ཉིད་ཀྱིས་སློང་,མོ་,རྙེད་པར་དཀའ་བའོ་,5239,ཤེར་ཕྱིན། ཆ།.txt
ནིབཅོམ་ལྡན་འདས་མཚན་ཉིད་ཟབ་,མོ་,འདི་དག་ཅེས་བྱ་,5488,ཤེར་ཕྱིན། ཆ།.txt
ཕ་རོལ་ཏུ་ཕྱིན་པ་ཟབ་,མོ་,འདི་སུ་དག་གིས་,5801,ཤེར་ཕྱིན། ཆ།.txt
ཕ་རོལ་ཏུ་ཕྱིན་པ་ཟབ་,མོ་,ཞེས་བྱ་བ་ལ་,5828,ཤེར་ཕྱིན། ཆ།.txt
ཟད་ཀྱི་འོན་ཀྱང་ཆོས་ཟབ་,མོ་,འདི་ཡང་གཟིགས་ནས་,5889,ཤེར་ཕྱིན། ཆ།.txt
པའི་བདག་ཉིད་རིག་པ་ནི་,མོ་,གཤམ་གྱི་བུ་ལྟ་,6029,ཤེར་ཕྱིན། ཆ།.txt
འདྲ་བར་སྐྱེ་བོ་གནག་རྫི་,མོ་,ཡན་ཆད་ལ་ངོ་,6100,ཤེར་ཕྱིན། ཆ།.txt
དག་བྱིས་པའི་སྐྱེ་བོ་ལྟད་,མོ་,བ་སྒྱུ་མ་ལ་,6139,ཤེར་ཕྱིན། ཆ།.txt
ཉིད་འདི་ནི་སྤྱོད་པ་ཟབ་,མོ་,ལགས་སོ་,6162,ཤེར་ཕྱིན། ཆ།.txt
ཉིད་ཀྱིས་སྤུན་ཟླ་དང༌སྲིང་,མོ་,དང༌མཛའ་བཤེས་དང༌,6299,ཤེར་ཕྱིན། ཆ།.txt
མ་དང༌སྤུན་ཟླ་དང༌སྲིང་,མོ་,དང༌བུ་དང༌བུ་,6301,ཤེར་ཕྱིན། ཆ།.txt
རྟོགས་པའི་དོན་ནི་ཆོས་ཟབ་,མོ་,དག་བཤད་པ་ན་,6452,ཤེར་ཕྱིན། ཆ།.txt
དྲོད་དང་རྩེ་,མོ་,བཟོད་བཅས་དང༌་,6501,ཤེར་ཕྱིན། ཆ།.txt
རིག་པ་ལྷ་,མོ་,དང་འབྲེལ་པའོ་,6561,ཤེར་ཕྱིན། ཆ།.txt
འཐབ་,མོ་,ནི་ལུས་དང་ངག་,6591,ཤེར་ཕྱིན། ཆ།.txt
མཚན་ཉིད་ཀྱི་དོན་གནས་ཟབ་,མོ་,བསྟན་པར་མཛོད་ཅིག་,6658,ཤེར་ཕྱིན། ཆ།.txt
ཟབ་,མོ་,ཟབ,6660,ཤེར་ཕྱིན། ཆ།.txt
སོགས་པ་གསུངས་པ་ཡིན་ཏེཟབ་,མོ་,ཞེས་བྱ་བ་ནི་,6661,ཤེར་ཕྱིན། ཆ།.txt
བསྒོམ་པའི་ལམ་ཟབ་,མོ་,ཞེས་བྱ་བའི་ཐ་,6661,ཤེར་ཕྱིན། ཆ།.txt
པ་ཉིད་ལ་སོགས་པའི་ཟབ་,མོ་,དེ་དག་ཀྱང་སྒྲོ་,6675,ཤེར་ཕྱིན། ཆ།.txt
པ་ཉིད་ལ་སོགས་པའི་ཟབ་,མོ་,ཉིད་ཡིན་ལདེ་ལྟར་,6690,ཤེར་ཕྱིན། ཆ།.txt
པ་ཉིད་ལ་སོགས་པ་ཟབ་,མོ་,དང་ལྡན་པའི་ཕྱིར་,6690,ཤེར་ཕྱིན། ཆ།.txt
ཟབ་,མོ་,སྟོང་པ་ཉིད་ལ་,6693,ཤེར་ཕྱིན། ཆ།.txt
བ་ནི་ཁྱེད་གནས་ཆེ་གེ་,མོ་,ཞིག་ཏུ་ཤོག་ཤིག་,6717,ཤེར་ཕྱིན། ཆ།.txt
པོ་དང་པོ་བསལ་ནས་ཕྲ་,མོ་,ཕྱིས་དག་པར་བྱེད་,6735,ཤེར་ཕྱིན། ཆ།.txt
རྣམས་བསྟན་པར་བྱ་བའི་ཕྱིརཟབ་,མོ་,རྣམ་པ་བརྒྱད་ཡུལ་,6876,ཤེར་ཕྱིན། ཆ།.txt
བོ་ཉིད་ཡིན་པའི་ཕྱིར་ཟབ་,མོ་,མ་ཡིན་པ་ཁོ་,6899,ཤེར་ཕྱིན། ཆ།.txt
ཡུན་རིང་,མོ་,ཞིག་ན་ཞེས་བྱ་,7053,ཤེར་ཕྱིན། ཆ།.txt
བ་ནི་དུས་རིང་,མོ་,ཞིག་ནའོ་,7053,ཤེར་ཕྱིན། ཆ།.txt
ཡིན་པ་དེའི་ཕྱིར་ཡུན་རིང་,མོ་,ཞིག་ནའོ་,7054,ཤེར་ཕྱིན། ཆ།.txt
བས་འཕགས་མ་གང་གཱའི་ལྷ་,མོ་,བསམ་པ་ཕུལ་དུ་,7060,ཤེར་ཕྱིན། ཆ།.txt
པ་ནི་ཀུན་དགའ་བོ་སྲིང་,མོ་,གང་གཱའི་ཞེས་བྱ་,7062,ཤེར་ཕྱིན། ཆ།.txt
ནིཀུན་དགའ་བོ་གང་གཱའི་ལྷ་,མོ་,འདི་ནི་ཞེས་བྱ་,7064,ཤེར་ཕྱིན། ཆ།.txt
རྩེ་,མོ་,མངོན་པར་རྟོགས་པ་,7068,ཤེར་ཕྱིན། ཆ།.txt
བའི་སྦྱོར་བ་ཞུས་པ་ནིསྲིང་,མོ་,གང་གཱའི་ལྷ,7072,ཤེར་ཕྱིན། ཆ།.txt
པ་ནི་ཀུན་དགའ་བོ་སྲིང་,མོ་,གང་གཱའི་ལྷ,7073,ཤེར་ཕྱིན། ཆ།.txt
རྒྱན་གྱི་སྣང་བ་ལས་སྲིང་,མོ་,གང་གཱའི་ལྷ་མོའི་,7078,ཤེར་ཕྱིན། ཆ།.txt
མཚན་,མོ་,འདུག་པས་གནས་པས་,7226,ཤེར་ཕྱིན། ཆ།.txt
རྩེ་,མོ་,མངོན་པར་རྟོགས་པའི་,7332,ཤེར་ཕྱིན། ཆ།.txt
རྒྱས་ཀྱི་རིགས་རྣམས་ལས་རྩེ་,མོ་,མངོན་པར་རྟོགས་པ་,7465,ཤེར་ཕྱིན། ཆ།.txt
སྟེ་དགེ་སློང་དག་ངས་མཚན་,མོ་,འདས་ན་ནང་པར་,7548,ཤེར་ཕྱིན། ཆ།.txt
ཅན་རྣམ་པ་དགུ་ནི་རྩེ་,མོ་,མངོན་པར་རྟོགས་པ་,7601,ཤེར་ཕྱིན། ཆ།.txt
ཕ་རོལ་ཏུ་ཕྱིན་པ་ཟབ་,མོ་,འདི་ལ་སྤྱོད་ཅིང་,7617,ཤེར་ཕྱིན། ཆ།.txt
དེ་ཉིད་ཀྱི་སློང་,མོ་,པའི་ཁྲོ་ཞིང་མཚང་,7914,ཤེར་ཕྱིན། ཆ།.txt
པའི་མདོ་ལས་གསང་བ་ཕྲ་,མོ་,ལ་རྗེས་སུ་འཇུག་,7925,ཤེར་ཕྱིན། ཆ།.txt
རྒྱན་གྱི་སྣང་བ་ལས་རྩེ་,མོ་,མངོན་པར་རྟོགས་པ་,8123,ཤེར་ཕྱིན། ཆ།.txt
དེའི་འོག་ཏུ་ཡུན་རིང་,མོ་,ཞིག་ནས་བར་ཆད་,8161,ཤེར་ཕྱིན། ཆ།.txt
དང་ཤེས་བྱའི་སྒྲིབ་པ་ཕྲ་,མོ་,བག་ཆགས་དང་བཅས་,8233,ཤེར་ཕྱིན། ཆ།.txt
པས་ཕྱག་དང་ཞབས་ཀྱི་སོར་,མོ་,ངང་པའི་རྒྱལ་པོ་,8258,ཤེར་ཕྱིན། ཆ།.txt
ལས་ཐར་པར་བྱས་པས་སོར་,མོ་,རིང་བ་ཉིད་དང༌,8258,ཤེར་ཕྱིན། ཆ།.txt
སོར་,མོ་,རིང་དང་རྟིང་ཡངས་,8263,ཤེར་ཕྱིན། ཆ།.txt
དང་བྲལ་བ་ཉིད་ཀྱིས་སེན་,མོ་,ཟངས་ཀྱི་མདོག་ལྟ་,8291,ཤེར་ཕྱིན། ཆ།.txt
རིགས་ཀྱི་མཆོག་སྤེལ་བས་སེན་,མོ་,མཐོ་བ་ཉིད་དང༌,8291,ཤེར་ཕྱིན། ཆ།.txt
ཉིད་མེད་པ་ཉིད་ཀྱིས་སོར་,མོ་,རྣམས་ཟླུམ་པ་ཉིད་,8291,ཤེར་ཕྱིན། ཆ།.txt
བ་བསགས་པ་ཉིད་ཀྱིས་སོར་,མོ་,རྣམས་རྒྱས་པ་ཉིད་,8291,ཤེར་ཕྱིན། ཆ།.txt
གྱིས་ཞུགས་པ་ཉིད་ཀྱིས་སོར་,མོ་,རྣམས་བྱིན་གྱིས་ཕྲ་,8291,ཤེར་ཕྱིན། ཆ།.txt
ངེ་བ་ཉིད་དང༌ཆོས་ཟབ་,མོ་,རྟོགས་པ་ཉིད་ཀྱིས་,8291,ཤེར་ཕྱིན། ཆ།.txt
པ་ཉིད་ཀྱིས་ཕྱག་གི་རི་,མོ་,མདངས་ཡོད་པ་ཉིད་,8291,ཤེར་ཕྱིན། ཆ།.txt
དང༌ཆོས་ཟབ་,མོ་,ལ་གནས་པ་ཉིད་,8291,ཤེར་ཕྱིན། ཆ།.txt
ཀྱིས་ཕྱག་གི་རི་,མོ་,ཟབ་པ་ཉིད་དང༌,8291,ཤེར་ཕྱིན། ཆ།.txt
པ་ཉིད་ཀྱིས་ཕྱག་གི་རི་,མོ་,རིང་བ་ཉིད་དང༌,8291,ཤེར་ཕྱིན། ཆ།.txt
སྐད་དུ་ཡང༌ཐུབ་པའི་སེན་,མོ་,ཟངས་མདོག་དང༌་,8292,ཤེར་ཕྱིན། ཆ།.txt
མདོག་སྣུམ་མཐོ་དང་སེན་,མོ་,རྣམས་,8293,ཤེར་ཕྱིན། ཆ།.txt
ལག་ལྔ་དང་ལྡན་པའི་རོལ་,མོ་,ཞེས་བྱ་བ་ནི་,8479,ཤེར་ཕྱིན། ཆ།.txt
པ་འདིས་ཚོང་དཔོན་གྱི་བུ་,མོ་,ལ་སོགས་པའི་དོན་,8542,ཤེར་ཕྱིན། ཆ།.txt
རྟག་ཏུ་ངུས་རྒྱང་རིང་,མོ་,ཞིག་ནས་མཐོང་སྟེ་,8565,ཤེར་ཕྱིན། ཆ།.txt
གྲོང་ཁྱེར་སྤོས་ལྡན་རྒྱང་རིང་,མོ་,ཞིག་ནས་མཐོང་ངོ༌་,8565,ཤེར་ཕྱིན། ཆ།.txt
གནས་ཡིན་པར་རིགས་པ་ཕྲ་,མོ་,རྣམས་ཀྱིས་ཀྱང་བརྗོད་,8573,ཤེར་ཕྱིན། ཆ།.txt
རྒྱུད་དཀྲིས་པ་ཡུ་བའི་རྩེ་,མོ་,ལ་གཞག་པའི་ཤིང་,8618,ཤེར་ཕྱིན། ཆ།.txt
འདྲས་བདག་ལ་གནོད་འགྱུར་ཕྲ་,མོ་,འགའ་ཡང་མེད་,8807,ཤེར་ཕྱིན། ཆ།.txt
བའི་བློ་གྲོས་གང་གི་ནུབ་,མོ་,དེ་བཞིན་གཤེགས་པས་,16,ཤེར་ཕྱིན། ཕ།.txt
རྒྱས་པ་དང༌གང་གི་ནུབ་,མོ་,ལེན་པ་མི་མངའ་,16,ཤེར་ཕྱིན། ཕ།.txt
ཏན་བསྟན་ནསད་ནི་ཆོས་ཟབ་,མོ་,ལ་བཟོད་པའི་ཕ་,306,ཤེར་ཕྱིན། ཕ།.txt
ཐོབ་པར་བསྟན་པའི་ཕྱིརཆོས་ཟབ་,མོ་,ལ་བཟོད་པའི་ཕ་,308,ཤེར་ཕྱིན། ཕ།.txt
ཏུབྱང་ཆུབ་སེམས་དཔའི་གནས་ཟབ་,མོ་,ཤེས་པར་དགའ་བ་,309,ཤེར་ཕྱིན། ཕ།.txt
ཆུབ་སེམས་དཔའི་གནས་པ་ཟབ་,མོ་,དེ་ལྟ་བུ་དེ་,310,ཤེར་ཕྱིན། ཕ།.txt
གཞན་མེད་པའི་ཕྱིར་ཆོས་ཟབ་,མོ་,ལ་བཟོད་པའི་ཕ་,310,ཤེར་ཕྱིན། ཕ།.txt
གེའི་ཁྲི་བཤམས་པ་དང༌སྐྱིལ་,མོ་,ཀྲུང་དུ་བཞུགས་པ་,462,ཤེར་ཕྱིན། ཕ།.txt
བ་ལ་སོགས་པས་ནི་སྐྱིལ་,མོ་,ཀྲུང་དུ་བཞུགས་པ་,464,ཤེར་ཕྱིན། ཕ།.txt
བསྒོམ་པ་དང་མཐུན་པར་སྐྱིལ་,མོ་,ཀྲུང་བཅས་པ་དང༌,468,ཤེར་ཕྱིན། ཕ།.txt
རུས་པ་དང༌སྐྲ་དང་སེན་,མོ་,རྣམས་ཀྱང་ཡོད་ལསེམས་,582,ཤེར་ཕྱིན། ཕ།.txt
གང་གི་ཚེཚེར་མ་དང༌གྱོ་,མོ་,དང༌རྡོ་ལ་སོགས་,618,ཤེར་ཕྱིན། ཕ།.txt
ལུས་ཀྱིས་ཐལ་,མོ་,སྦྱར་ཞིང་འདུད་པ་,622,ཤེར་ཕྱིན། ཕ།.txt
ཟིན་ན་འཁོར་གཞན་དག་ཟབ་,མོ་,འདི་ནི་བདག་ཅག་,637,ཤེར་ཕྱིན། ཕ།.txt
ཤིན་ཏུ་རྟོགས་པ་ཆོས་ཟབ་,མོ་,ལ་བཟོད་པ་ཐོབ་,655,ཤེར་ཕྱིན། ཕ།.txt
སོར་,མོ་,གཅིག་གི་རྩེ་མོས་,1105,ཤེར་ཕྱིན། ཕ།.txt
པའི་རླུང་ཡང་སོར་མོའི་རྩེ་,མོ་,གཅིག་གིས་རྩིག་པ་,1105,ཤེར་ཕྱིན། ཕ།.txt
སྐྱིལ་,མོ་,ཀྲུང་གཅིག་གིས་རྒྱས་,1106,ཤེར་ཕྱིན། ཕ།.txt
ཏུ་འབྱུང་བ་ཤིན་ཏུ་ཕྲ་,མོ་,ཡང་མེད་པས་ན་,1123,ཤེར་ཕྱིན། ཕ།.txt
ཁྲི་བཞི་སྟོང་དང༌གར་མཁན་,མོ་,དགུ་སྟོང་དང༌དེ་,1124,ཤེར་ཕྱིན། ཕ།.txt
ཀུན་གྱིས་སྲས་དང་བཙུན་,མོ་,བུད་མེད་བསྟེན་གྱུར་,1141,ཤེར་ཕྱིན། ཕ།.txt
ཤེས་ཀྱི་ཚོགས་བསགས་ལཆོས་ཟབ་,མོ་,ལ་བཟོད་པ་ཐོབ་,1534,ཤེར་ཕྱིན། ཕ།.txt
ལ་ལྷག་པར་འགྱུར་ཏེཆོས་ཟབ་,མོ་,བཤད་པ་དང༌ཤིན་,1621,ཤེར་ཕྱིན། ཕ།.txt
ཆོས་ཟབ་,མོ་,ལ་བཟོད་ཅིང་མོས་,1898,ཤེར་ཕྱིན། ཕ།.txt
པ་དང༌ལན་བཏབ་པ་ཞིབ་,མོ་,འབྱུང་བའི་དོན་དེ་,1910,ཤེར་ཕྱིན། ཕ།.txt
སྐྱིལ་,མོ་,ཀྲུང་ལ་སོགས་པ་,2168,ཤེར་ཕྱིན། ཕ།.txt
ཏེདྲོ་བར་གྱུར་པ་དང༌རྩེ་,མོ་,དང༌བཟོད་པ་དང༌,2233,ཤེར་ཕྱིན། ཕ།.txt
པ་ཉིད་དང༌འབྲིང་དང༌ཕྲ་,མོ་,རྣམས་རྟོགས་པར་བྱ་,2278,ཤེར་ཕྱིན། ཕ།.txt
དང༌རིག་སྔགས་འཆང་དང༌རོལ་,མོ་,བྱེད་ཅིང་རྒྱུ་བ་,2563,ཤེར་ཕྱིན། ཕ།.txt
འམབག་ཆགས་ཀྱི་དབང་གིས་གད་,མོ་,རྟ་གད་འབྱིན་པ་,2582,ཤེར་ཕྱིན། ཕ།.txt
པ་ནི་ཏིང་ངེ་འཛིན་ཟབ་,མོ་,དམ་པའི་ཕ་རོལ་,2587,ཤེར་ཕྱིན། ཕ།.txt
ཆོས་ཟབ་,མོ་,བཤད་པ་ནི་དེ་,3367,ཤེར་ཕྱིན། ཕ།.txt
བསྟན་པ་དང༌རིག་སྔགས་ཆེན་,མོ་,དང༌རིག་སྔགས་བླ་,3435,ཤེར་ཕྱིན། ཕ།.txt
ཕ་རོལ་ཏུ་ཕྱིན་པ་ཆེན་,མོ་,སྟེ་ཞེས་བྱ་བ་,3476,ཤེར་ཕྱིན། ཕ།.txt
རིགས་ཀྱི་བུའམ་རིགས་ཀྱི་བུ་,མོ་,ཉན་ཐོས་ཀྱི་ཐེག་,3483,ཤེར་ཕྱིན། ཕ།.txt
པའི་རྣམ་པར་རྟོག་པ་ཕྲ་,མོ་,རིམ་གྱིས་སྤོང་ཡང་,3498,ཤེར་ཕྱིན། ཕ།.txt
འབྱོར་གྱིས་བདག་ཉིད་ཀྱིས་ཟབ་,མོ་,ཁོང་དུ་ཆུད་པ་,3702,ཤེར་ཕྱིན། ཕ།.txt
ཏུ་ཕྱིན་པ་འདི་ནི་ཆེན་,མོ་,སྟེ་ཞེས་བྱ་བ་,3746,ཤེར་ཕྱིན། ཕ།.txt
ཕ་རོལ་ཏུ་ཕྱིན་པ་ཟབ་,མོ་,འདི་དངོས་པོ་མེད་,3864,ཤེར་ཕྱིན། ཕ།.txt
ཕ་རོལ་ཏུ་ཕྱིན་པ་ཟབ་,མོ་,འདི་ཉིད་ལ་མེད་,3872,ཤེར་ཕྱིན། ཕ།.txt
ཕ་རོལ་ཏུ་ཕྱིན་པ་ཟབ་,མོ་,འདི་ནི་སྟོང་པ་,3912,ཤེར་ཕྱིན། ཕ།.txt
ཕ་རོལ་ཏུ་ཕྱིན་པ་ཟབ་,མོ་,འདི་ཐོས་མ་ཐག་,3968,ཤེར་ཕྱིན། ཕ།.txt
ཕ་རོལ་ཏུ་ཕྱིན་པ་ཟབ་,མོ་,འདི་ལ་ཕྱིར་མི་,4031,ཤེར་ཕྱིན། ཕ།.txt
ཕ་རོལ་ཏུ་ཕྱིན་པ་ཟབ་,མོ་,འདི་ལ་མངོན་པར་,4032,ཤེར་ཕྱིན། ཕ།.txt
ལ་ལ་ཆོས་ཟབ་,མོ་,ཐོས་ན་སྐྲག་པ་,4038,ཤེར་ཕྱིན། ཕ།.txt
ཕ་རོལ་ཏུ་ཕྱིན་པ་ཟབ་,མོ་,འདི་རྣམ་པར་བརྟག་,4039,ཤེར་ཕྱིན། ཕ།.txt
ཕ་རོལ་ཏུ་ཕྱིན་པ་ཟབ་,མོ་,འདི་ལ་རྟོག་པར་,4042,ཤེར་ཕྱིན། ཕ།.txt
ལྷ་རྣམས་ཀྱིས་ཆོས་ཟབ་,མོ་,དེ་ལྟ་བུ་ཐོས་,4048,ཤེར་ཕྱིན། ཕ།.txt
པར་བྱེད་པ་དང༌ཆོས་ཟབ་,མོ་,ལ་ནེམ་ནུར་མེད་,4165,ཤེར་ཕྱིན། ཕ།.txt
ཞུས་པབཅོམ་ལྡན་འདས་གནས་ཟབ་,མོ་,རྣམས་ལེགས་པར་བསྟན་,4178,ཤེར་ཕྱིན། ཕ།.txt
ལ་བཅོམ་ལྡན་འདས་གནས་ཟབ་,མོ་,ཟབ,4179,ཤེར་ཕྱིན། ཕ།.txt
ཞིང་སེམས་པ་དེའི་ཚེ་མཚན་,མོ་,བྱས་པའི་ལས་ལ་,4537,ཤེར་ཕྱིན། ཕ།.txt
གང་གཱའི་ལྷ་,མོ་,ལུང་བསྟན་པ་ཡང་,4561,ཤེར་ཕྱིན། ཕ།.txt
ཕ་རོལ་ཏུ་ཕྱིན་པ་ཟབ་,མོ་,འདི་ནི་ཡི་གེ་,4677,ཤེར་ཕྱིན། ཕ།.txt
ཕ་རོལ་ཏུ་ཕྱིན་པ་ཟབ་,མོ་,འདི་ནི་གཟུངས་ཀྱི་,4679,ཤེར་ཕྱིན། ཕ།.txt
མོའི་དོན་ཏེདཔེར་ན་རིའི་རྩེ་,མོ་,ཞེས་བྱ་བ་ལྟ་,4719,ཤེར་ཕྱིན། ཕ།.txt
མཐེ་བོ་གཉིས་མ་གཏོགས་པརསོར་,མོ་,ཐམས་ཅད་ཀྱི་རྩེ་,4982,ཤེར་ཕྱིན། ཕ།.txt
མོ་མཉམ་པ་ཡིན་ཏེསོར་,མོ་,དག་ཀྱང་ནས་དང་,4982,ཤེར་ཕྱིན། ཕ།.txt
དྲ་བ་དང༌ཀ་བའི་རྩེ་,མོ་,མཉམ་པ་བཞིན་དུ་,4982,ཤེར་ཕྱིན། ཕ།.txt
སོར་,མོ་,ཐམས་ཅད་ལནས་ཀྱི་,4982,ཤེར་ཕྱིན། ཕ།.txt
སེམས་ཅན་ཕྲ་,མོ་,དག་,4983,ཤེར་ཕྱིན། ཕ།.txt
སོར་,མོ་,རིང་བ་ཞེས་བྱ་,4994,ཤེར་ཕྱིན། ཕ།.txt
འཚམ་པཚད་དང་ལྡན་པ་སོར་,མོ་,མཐར་གྱིས་ཤས་རྒྱས་,4994,ཤེར་ཕྱིན། ཕ།.txt
ཏེརྩེ་,མོ་,ཕྲ་བ་གང་ཡིན་,4994,ཤེར་ཕྱིན། ཕ།.txt
པ་དེ་ལ་སོར་,མོ་,རིང་བ་ཞེས་བྱའོ་,4994,ཤེར་ཕྱིན། ཕ།.txt
པ་དང༌རྐེད་པ་དང་པུས་,མོ་,རྣམས་ལས་གང་ཡང་,4997,ཤེར་ཕྱིན། ཕ།.txt
སོར་,མོ་,རིང་བ་དང༌རྟིང་,4998,ཤེར་ཕྱིན། ཕ།.txt
འདིར་ཡང་རྟིང་པ་དང༌སོར་,མོ་,དག་ཐུང་བ་མེད་,5001,ཤེར་ཕྱིན། ཕ།.txt
དུ་ལྟ་བ་འདྲ་བར་རྩེ་,མོ་,གྱེན་དུ་ལྟ་ཞིང་,5014,ཤེར་ཕྱིན། ཕ།.txt
བཏང་ནགཡས་སུ་འཁྱིལ་བ་རྩེ་,མོ་,གྱེན་དུ་ཕྱོགས་པ་,5031,ཤེར་ཕྱིན། ཕ།.txt
རྒྱས་བཅོམ་ལྡན་འདས་རྣམས་སེན་,མོ་,ཟངས་ཀྱི་མདོག་ལྟ་,5069,ཤེར་ཕྱིན། ཕ།.txt
དངདེ་བཞིན་དུ་སྐྱེ་དགུའི་བདག་,མོ་,ལ་སོགས་པ་དགེ་,84,ཤེར་ཕྱིན། ཇ།.txt
བའི་རྩ་བ་གཡོ་བའི་རྩེ་,མོ་,ཡིན་པའི་ཕྱིར་རྩེ་,231,ཤེར་ཕྱིན། ཇ།.txt
ལོག་པར་ཞུགས་པ་ནི་རྩེ་,མོ་,སྟེཆུང་ངུ་དང་འབྲིང་,244,ཤེར་ཕྱིན། ཇ།.txt
ཚོགས་ཀྱི་བསྒྲུབ་པ་ནི་རྩེ་,མོ་,དང་སྦྱིན་པ་ལ་,355,ཤེར་ཕྱིན། ཇ།.txt
ཐམས་ཅད་ཀྱིས་རིག་སྔགས་ཆེན་,མོ་,འདི་ལ་བསླབས་པས་,575,ཤེར་ཕྱིན། ཇ།.txt
ཅད་ཁྱབ་པར་གཏམས་ཏེ་རྩེ་,མོ་,བྱུར་བུར་བགྱིས་པས་,603,ཤེར་ཕྱིན། ཇ།.txt
ཏེ་ཐམས་ཅད་རྫོགས་ཀྱང་རི་,མོ་,མཁན་གྱིས་དེའི་མིག་,692,ཤེར་ཕྱིན། ཇ།.txt
དུ་ཡུམ་ཐོས་ཀྱང་ཆོས་ཟབ་,མོ་,མི་རྟོགས་པས་བློ་,705,ཤེར་ཕྱིན། ཇ།.txt
པར་གནས་ནས་རི་དགས་ཕྲ་,མོ་,མང་སྐྲག་བྱེད་ཅིང་,865,ཤེར་ཕྱིན། ཇ།.txt
བུ་དང་བུ་,མོ་,ལ་སོགས་པ་དང་,894,ཤེར་ཕྱིན། ཇ།.txt
རྩོད་པ་འབྱུང་བསརྒྱལ་པོའི་བཙུན་,མོ་,ཡིད་དུ་འོང་བ་,972,ཤེར་ཕྱིན། ཇ།.txt
སྤུན་དང་སྲིང་,མོ་,ལ་སོགས་པར་འདུ་,1000,ཤེར་ཕྱིན། ཇ།.txt
རྩེ་,མོ་,ལ་སོགས་པ་ཐོབ་,1001,ཤེར་ཕྱིན། ཇ།.txt
ཡང་ཆོས་ཟབ་,མོ་,ལ་ཐེ་ཚོམ་མེད་,1028,ཤེར་ཕྱིན། ཇ།.txt
ཡོད་པ་མི་རྙེད་པས་ཟབ་,མོ་,དང་ལྡན་པ་ནི་,1067,ཤེར་ཕྱིན། ཇ།.txt
བ་ལ་སོགས་པ་གསུངས་ཏེཟབ་,མོ་,བསྐྱེད་པའི་སྦྱོར་བའི་,1123,ཤེར་ཕྱིན། ཇ།.txt
རྣམ་པར་རྟོག་པ་མེད་དེསྲིང་,མོ་,གང་གཱའི་ལྷ,1130,ཤེར་ཕྱིན། ཇ།.txt
རི་,མོ་,ལ་སོགས་པའི་ལས་,1145,ཤེར་ཕྱིན། ཇ།.txt
ཆུང་མར་བཅས་ཏེབུ་དང་བུ་,མོ་,ཡོངས་སུ་བསྡུས་ནསདགྲ་,1148,ཤེར་ཕྱིན། ཇ།.txt
ཟག་གཞན་གང་ཞིག་གིས་རྩེ་,མོ་,མངོན་པར་རྟོགས་པའི་,1304,ཤེར་ཕྱིན། ཇ།.txt
ཡང་དེ་གཉིས་འཐབ་,མོ་,ལ་སོགས་པ་བྱེད་,1341,ཤེར་ཕྱིན། ཇ།.txt
དེ་གཉི་ག་བཀག་པའི་འཐབ་,མོ་,ལ་སོགས་པ་བྱེད་,1342,ཤེར་ཕྱིན། ཇ།.txt
སྡེ་ཚོས་མ་ཡིན་པ་འཐབ་,མོ་,ལ་སོགས་པ་བྱེད་,1342,ཤེར་ཕྱིན། ཇ།.txt
དེ་སྙེད་ཀྱི་བསྐལ་པར་འཐབ་,མོ་,ལ་སོགས་པའི་སྡིག་,1346,ཤེར་ཕྱིན། ཇ།.txt
དེ་སྙམ་དུ་བསམས་ནས་འཐབ་,མོ་,ལ་སོགས་པ་བྱེད་,1350,ཤེར་ཕྱིན། ཇ།.txt
བར་གནས་པའི་སྐྱེས་བུ་ལྟད་,མོ་,པའི་ཚོགས་འདི་དག་,1382,ཤེར་ཕྱིན། ཇ།.txt
གཙོ་བོ་མང་པོ་དག་ཐལ་,མོ་,སྦྱར་བ་བཏུད་ནས་,1393,ཤེར་ཕྱིན། ཇ།.txt
བྱེད་ནུས་པས་ཆུ་ཆུན་བྲན་,མོ་,རང་དབང་མེད་པར་,1511,ཤེར་ཕྱིན། ཇ།.txt
དེ་ནས་རྡོ་རྗེ་སྐྱིལ་,མོ་,ཀྲུང་བཅས་པས་ལུས་,1644,ཤེར་ཕྱིན། ཇ།.txt
སུ་ཤེས་པ་དང༌ཆོས་ཟབ་,མོ་,ལ་ངེས་པར་རྟོགས་,2126,ཤེར་ཕྱིན། ཇ།.txt
པ་བྱས་པ་དང༌ཆོས་ཟབ་,མོ་,ལ་མ་མོས་པ་,2314,ཤེར་ཕྱིན། ཇ།.txt
ལ་ཆགས་པའི་དྲི་མ་ཕྲ་,མོ་,བསལ་བ་ལ་བཙོ་,2337,ཤེར་ཕྱིན། ཇ།.txt
བྱང་ཆུབ་སེམས་དཔའ་དུས་རིང་,མོ་,ཞིག་ནས་དགེ་བའི་,2352,ཤེར་ཕྱིན། ཇ།.txt
པཡང་ཇི་ལྟར་ཆགས་པ་ཕྲ་,མོ་,མི་མཐུན་པའི་ཕྱོགས་,2364,ཤེར་ཕྱིན། ཇ།.txt
ཡི་རང་བ་དང༌ཆོས་ཟབ་,མོ་,མངོན་པར་འདོད་པ་,2509,ཤེར་ཕྱིན། ཇ།.txt
དྲོད་དང་རྩེ་,མོ་,བཟོད་བཅས་དང༌་,2672,ཤེར་ཕྱིན། ཇ།.txt
བཞིན་དུ་དྲོ་བ་དང༌རྩེ་,མོ་,དང༌བཟོད་པ་དང༌,2675,ཤེར་ཕྱིན། ཇ།.txt
ཟབ་,མོ་,སྟོང་པ་ཉིད་ལ་,2705,ཤེར་ཕྱིན། ཇ།.txt
གང་ཡིན་པ་དེ་ནི་ཟབ་,མོ་,སྟེསྟོང་པ་ཉིད་ལ་,2708,ཤེར་ཕྱིན། ཇ།.txt
སོགས་པ་ཡིན་ལཟབ་,མོ་,ཉིད་དང་ལྡན་པའི་,2708,ཤེར་ཕྱིན། ཇ།.txt
ཀྱི་མཚན་ཉིད་བརྗོད་པའི་ཕྱིརཟབ་,མོ་,རྣམ་པ་བརྒྱད་ཡུལ་,2746,ཤེར་ཕྱིན། ཇ།.txt
ཞེས་བྱ་བ་གསུངས་ཏེཡུན་རིང་,མོ་,ཞིག་ནས་བར་ཆད་,3035,ཤེར་ཕྱིན། ཇ།.txt
སོར་,མོ་,རིང་དང་རྟིང་ཡངས་,3120,ཤེར་ཕྱིན། ཇ།.txt
པས་ཕྱག་དང་ཞབས་ཀྱི་སོར་,མོ་,ངང་པའི་རྒྱལ་པོ་,3136,ཤེར་ཕྱིན། ཇ།.txt
ལས་ཐར་བར་བྱས་པས་སོར་,མོ་,རིང་བ་ཉིད་དང༌,3136,ཤེར་ཕྱིན། ཇ།.txt
བཟང་པོ་གསུངས་པཐུབ་པའི་སེན་,མོ་,ཟངས་མདོག་དང༌་,3151,ཤེར་ཕྱིན། ཇ།.txt
མདོག་སྣུམ་མཐོ་དང་སོར་,མོ་,རྣམས་,3152,ཤེར་ཕྱིན། ཇ།.txt
དང་བྲལ་བ་ཉིད་ཀྱིས་སེན་,མོ་,ཟངས་ཀྱི་མདོག་ལྟ་,3199,ཤེར་ཕྱིན། ཇ།.txt
པའི་བསམ་པ་ཉིད་ཀྱིས་སེན་,མོ་,མདོག་སྣུམ་པ་ཉིད་,3199,ཤེར་ཕྱིན། ཇ།.txt
ཀྱི་མཆོག་ལས་སྐྱེས་པས་སེན་,མོ་,མཐོ་བ་ཉིད་དང༌,3199,ཤེར་ཕྱིན། ཇ།.txt
བ་མེད་པ་ཉིད་ཀྱིས་སོར་,མོ་,རྣམས་ཟླུམ་པ་ཉིད་,3199,ཤེར་ཕྱིན། ཇ།.txt
བ་བསགས་པ་ཉིད་ཀྱིས་སོར་,མོ་,རྣམས་རྒྱས་པ་ཉིད་,3199,ཤེར་ཕྱིན། ཇ།.txt
གྱིས་ཞུགས་པ་ཉིད་ཀྱིས་སོར་,མོ་,རྣམས་བྱིན་གྱིས་ཕྲ་,3199,ཤེར་ཕྱིན། ཇ།.txt
ངེ་བ་ཉིད་དང༌ཆོས་ཟབ་,མོ་,རྟོགས་པ་ཉིད་ཀྱིས་,3199,ཤེར་ཕྱིན། ཇ།.txt
པ་ཉིད་ཀྱིས་ཕྱག་གི་རི་,མོ་,མདངས་ཡོད་པ་ཉིད་,3199,ཤེར་ཕྱིན། ཇ།.txt
དང༌ཆོས་ཟབ་,མོ་,ལ་གནས་པ་ཉིད་,3199,ཤེར་ཕྱིན། ཇ།.txt
ཀྱིས་ཕྱག་གི་རི་,མོ་,ཟབ་པ་ཉིད་དང༌,3199,ཤེར་ཕྱིན། ཇ།.txt
པ་ཉིད་ཀྱིས་ཕྱག་གི་རི་,མོ་,རིང་བ་ཉིད་དང༌,3199,ཤེར་ཕྱིན། ཇ།.txt
རིང་,མོ་,ཞིག་ནས་མཐོང་བ་,3295,ཤེར་ཕྱིན། ཇ།.txt
དང༌ལེན་པ་པོ་སྟེ་སློང་,མོ་,པ་མི་དམིགས་པ་,3703,ཤེར་ཕྱིན། ཇ།.txt
ལྷས་བཏང་བའི་རང་གི་བུ་,མོ་,ལ་སོགས་པའོ་,3764,ཤེར་ཕྱིན། ཇ།.txt
གནས་སྐབས་ཐམས་ཅད་དུ་ལྷ་,མོ་,སྒྱུ་འཕྲུལ་ལ་སོགས་,3770,ཤེར་ཕྱིན། ཇ།.txt
མེད་པ་སྟེདེ་ནི་དུས་རིང་,མོ་,ཞེས་བྱ་བ་ལ་,3848,ཤེར་ཕྱིན། ཇ།.txt
བྱང་ཆུབ་སེམས་དཔའ་དུས་རིང་,མོ་,ཞིག་ནས་ཞེས་བྱ་,4501,ཤེར་ཕྱིན། ཇ།.txt
ཐོབ་ཅིང་དྲོ་བ་དང་རྩེ་,མོ་,རྟོགས་པ་ནི་བཟོད་,4728,ཤེར་ཕྱིན། ཇ།.txt
ཆོས་ཟབ་,མོ་,མངོན་པར་འདོད་པ་,4835,ཤེར་ཕྱིན། ཇ།.txt
ཀྱིས་ཆོད་པའི་དངོས་པོ་ཕྲ་,མོ་,ཤེས་པ་ཉིད་ཡིན་,4902,ཤེར་ཕྱིན། ཇ།.txt
རྫོགས་པར་རྟོགས་པ་དང༌རྩེ་,མོ་,ཐོབ་པ་དང༌མཐར་,5002,ཤེར་ཕྱིན། ཇ།.txt
པ་དང་ལྡན་པའི་ཕྱིར་ཟབ་,མོ་,ཡིན་ནོཟབ,5046,ཤེར་ཕྱིན། ཇ།.txt
གང་ཡིན་པ་དེ་ནི་ཟབ་,མོ་,སྟེ་སྟོང་པ་ཉིད་,5054,ཤེར་ཕྱིན། ཇ།.txt
པར་བྱ་བ་ཉིད་ཡིན་པསཟབ་,མོ་,ཉིད་དང་ལྡན་པའི་,5054,ཤེར་ཕྱིན། ཇ།.txt
བཤད་པའི་མཚན་ཉིད་ཅན་ཏེཟབ་,མོ་,ལ་སོགས་པའི་བདག་,5067,ཤེར་ཕྱིན། ཇ།.txt
རྟེན་པ་ཐམས་ཅད་ཀྱི་རྩེ་,མོ་,ཉིད་ཡིན་པའི་ཕྱིར་,5457,ཤེར་ཕྱིན། ཇ།.txt
བར་བྱེད་པའི་རྡོ་རྗེའི་སྐྱིལ་,མོ་,ཀྲུང་ལ་སོགས་པས་,5457,ཤེར་ཕྱིན། ཇ།.txt
དེ་ཡང༌ཇི་ལྟར་རི་,མོ་,མཁན་གྱིས་ནི་,5486,ཤེར་ཕྱིན། ཇ།.txt
དམིགས་པ་ནི་རྡོ་རྗེ་སྐྱིལ་,མོ་,ཀྲུང་ལ་སོགས་པས་,5813,ཤེར་ཕྱིན། ཇ།.txt
གྲགས་འཛིན་དང༌སྐྱེ་དགུའི་བདག་,མོ་,ཆེན,18,ཤེར་ཕྱིན། ག.txt
སྤྱོད་པ་དང༌མོས་པ་ཕྲ་,མོ་,སྣ་ཚོགས་ལ་འཇུག་,19,ཤེར་ཕྱིན། ག.txt
པ་མངོན་དུ་བཞག་ནས་སྐྱིལ་,མོ་,ཀྲུང་བཅས་ཏེ་བཞུགས་,20,ཤེར་ཕྱིན། ག.txt
ཞབས་ཀྱི་སོར་,མོ་,བཅུ་ལས་ཀྱང་འོད་,24,ཤེར་ཕྱིན། ག.txt
བྱིན་པ་གཉིས་དང༌ཞབས་པུས་,མོ་,གཉིས་དང༌ཞབས་བརླ་,25,ཤེར་ཕྱིན། ག.txt
ཕྱག་གི་སོར་,མོ་,བཅུ་ལས་ཀྱང་འོད་,26,ཤེར་ཕྱིན། ག.txt
འོད་ཟེར་གྱི་རྩེ་,མོ་,རེ་རེ་ལས་ཀྱང་,37,ཤེར་ཕྱིན། ག.txt
འཚལ་ཏེབཅོམ་ལྡན་འདས་ལ་ཐལ་,མོ་,སྦྱོར་ཞིང་འདུད་པར་,60,ཤེར་ཕྱིན། ག.txt
ལ་ཕྱག་འཚལ་ཏེཐམས་ཅད་ཐལ་,མོ་,སྦྱར་ནས་བཅོམ་ལྡན་,62,ཤེར་ཕྱིན། ག.txt
མ་དང༌ཕུ་ནུ་དང༌སྲིང་,མོ་,དང༌མཛའ་བ་དང༌,75,ཤེར་ཕྱིན། ག.txt
སྣ་ཚོགས་ཀྱི་ཡལ་གའི་རྩེ་,མོ་,གཡུར་ཟ་བ་དང༌,314,ཤེར་ཕྱིན། ག.txt
ཀྱི་བུ་དང་རིགས་ཀྱི་བུ་,མོ་,སྦྱིན་པ་གཏོང་བ་,395,ཤེར་ཕྱིན། ག.txt
དེ་དག་ཐམས་ཅད་སྐྲའི་རྩེ་,མོ་,བརྒྱར་བཤགས་པས་གྱེན་,467,ཤེར་ཕྱིན། ག.txt
ཆེན་པོ་དེ་སོར་མོའི་རྩེ་,མོ་,གཅིག་གིས་དགབ་པར་,469,ཤེར་ཕྱིན། ག.txt
ཙམ་པ་དེ་ཐམས་ཅད་སྐྱིལ་,མོ་,ཀྲུང་གཅིག་གིས་རྒྱས་,470,ཤེར་ཕྱིན། ག.txt
ཀྱི་བུ་དང༌རིགས་ཀྱི་བུ་,མོ་,རྣམས་ཀྱང་བདག་ཅག་,567,ཤེར་ཕྱིན། ག.txt
མ་དང༌ཕུ་ནུ་དང༌སྲིང་,མོ་,དང༌ཆུང་མ་དང༌,567,ཤེར་ཕྱིན། ག.txt
བུ་དང༌བུ་,མོ་,དང༌མཛའ་བོ་དང༌,567,ཤེར་ཕྱིན། ག.txt
མཆིས་འབྲང་དང༌བུ་དང༌བུ་,མོ་,རྣམས་གདོན་མི་ཟ་,571,ཤེར་ཕྱིན། ག.txt
གམཆུང་མ་དང༌བུ་དང༌བུ་,མོ་,དང༌གྲོགས་བཤེས་དང༌,571,ཤེར་ཕྱིན། ག.txt
བརྗེས་ཀྱང་དེ་ལ་ཆོས་ཟབ་,མོ་,ཟབ,1136,ཤེར་ཕྱིན། ག.txt
ནམ་མཁའ་ལ་ཡང་སྐྱིལ་,མོ་,ཀྲུང་གིས་འགྲོ་སྟེདཔེར་,1384,ཤེར་ཕྱིན། ག.txt
བདག་ག་གེ་,མོ་,ཞིག་ཏུ་འདུག་པར་,1428,ཤེར་ཕྱིན། ག.txt
ནས་ཤི་འཕོས་ནས་ཆེ་གེ་,མོ་,ཞིག་ཏུ་སྐྱེས་སོ་,1429,ཤེར་ཕྱིན། ག.txt
པ་གཅིག་ལ་གཟར་ནས་པུས་,མོ་,གཡས་པའི་ལྷ་ང་,1490,ཤེར་ཕྱིན། ག.txt
ན་བ་དེ་ལོགས་སུ་ཐལ་,མོ་,སྦྱར་བས་བཏུད་དེབཅོམ་,1490,ཤེར་ཕྱིན། ག.txt
ཀྱང་ཁྱེར་ནས་གླུ་དང༌རོལ་,མོ་,བརྡུང་བ་དཀྲོལ་བ་,1588,ཤེར་ཕྱིན། ག.txt
པ་གཅིག་ཏུ་གཟར་ཞིང་པུས་,མོ་,གཡས་པའི་ལྷ་ང་,1593,ཤེར་ཕྱིན། ག.txt
འདས་གང་ན་བ་དེར་ཐལ་,མོ་,སྦྱར་བས་བཏུད་དེབཅོམ་,1593,ཤེར་ཕྱིན། ག.txt
དང༌ཕྲ་མ་དང༌ཚིག་རྩུབ་,མོ་,དང༌ངག་འཁྱལ་པ་,3249,ཤེར་ཕྱིན། ག.txt
དེའཇིག་རྟེན་གྱི་ཁམས་ཆེ་གེ་,མོ་,ཞིག་ནབྱང་ཆུབ་སེམས་,3404,ཤེར་ཕྱིན། ག.txt
འཇིག་རྟེན་གྱི་ཁམས་ཆེ་གེ་,མོ་,ཞིག་ཏུ་བྱང་ཆུབ་,3468,ཤེར་ཕྱིན། ག.txt
སེམས་དཔའ་ཆེན་པོ་ཆེ་གེ་,མོ་,ཞེས་བྱ་བ་ཞིག་,3468,ཤེར་ཕྱིན། ག.txt
སྐྲ་དང༌ཀླད་པ་དང༌སེན་,མོ་,དང༌སྤུ་དང་པགས་,3950,ཤེར་ཕྱིན། ག.txt
ལ་སྐྲ་དང༌སྤུ་དང༌སེན་,མོ་,དང༌སོ་དང༌པགས་,3950,ཤེར་ཕྱིན། ག.txt
སྐྲ་དང༌ཀླད་པ་དང༌སེན་,མོ་,དང༌སྤུ་དང༌པགས་,3960,ཤེར་ཕྱིན། ག.txt
བརྒྱད་གང་ཞེ་ནགང་གི་མཚན་,མོ་,ལ་དེ་བཞིན་གཤེགས་,4059,ཤེར་ཕྱིན། ག.txt
རྒྱས་པ་ནས་གང་གི་མཚན་,མོ་,ལ་ལྷ་དང་བཅས་,4059,ཤེར་ཕྱིན། ག.txt
སློང་,མོ་,པ་མཐོང་ན་ཞུམ་,4128,ཤེར་ཕྱིན། ག.txt
སློང་,མོ་,པ་མཐོང་ན་སློང,4130,ཤེར་ཕྱིན། ག.txt
གང་ཞེ་ནའདི་ལྟར་ཆོས་ཟབ་,མོ་,རྣམས་ལ་རྟོག་པར་,4172,ཤེར་ཕྱིན། ག.txt
བུ་,མོ་,འདོད་པ་ལ་ནི་,39,ཤེར་ཕྱིན། ང་།.txt
བུ་,མོ་,,39,ཤེར་ཕྱིན། ང་།.txt
པའི་རིགས་ཀྱི་བུའམརིགས་ཀྱི་བུ་,མོ་,དག་ཤེས་རབ་ཀྱི་,442,ཤེར་ཕྱིན། ང་།.txt
སྟོན་པ་ནི་ཤེས་རབ་ཟབ་,མོ་,དང་ལྡན་ནོདེ་ནས་,520,ཤེར་ཕྱིན། ང་།.txt
འབྱོར་འདི་ནི་ཤེས་རབ་ཟབ་,མོ་,དང་ལྡན་པ་སྟེདེ་,521,ཤེར་ཕྱིན། ང་།.txt
བུའམརིགས་ཀྱི་བུ་མོའམལྷའི་བུའམལྷའི་བུ་,མོ་,གང་ལ་ལ་ཞིག་,731,ཤེར་ཕྱིན། ང་།.txt
ཀྱི་བུ་དང༌རིགས་ཀྱི་བུ་,མོ་,དེ་དག་གིས་གཟུགས་,732,ཤེར་ཕྱིན། ང་།.txt
དུ་རིགས་ཀྱི་བུའམརིགས་ཀྱི་བུ་,མོ་,དེ་དག་གིས་ཕུང་,735,ཤེར་ཕྱིན། ང་།.txt
ཡང་རིགས་ཀྱི་བུའམརིགས་ཀྱི་བུ་,མོ་,དེ་དག་ལ་མིའམམི་,738,ཤེར་ཕྱིན། ང་།.txt
རིགས་ཀྱི་བུའམ་རིགས་ཀྱི་བུ་,མོ་,དེ་དག་གིས་དེ་,739,ཤེར་ཕྱིན། ང་།.txt
ཀྱི་བུ་དང༌རིགས་ཀྱི་བུ་,མོ་,དེ་དག་ནི་ཉམ་,740,ཤེར་ཕྱིན། ང་།.txt
ལྟར་རིགས་ཀྱི་བུའམརིགས་ཀྱི་བུ་,མོ་,སྦྱིན་པའི་ཕ་རོལ་,741,ཤེར་ཕྱིན། ང་།.txt
ཡང་རིགས་ཀྱི་བུའམརིགས་ཀྱི་བུ་,མོ་,གང་ཤེས་རབ་ཀྱི་,749,ཤེར་ཕྱིན། ང་།.txt
པའི་རིགས་ཀྱི་བུའམརིགས་ཀྱི་བུ་,མོ་,དེ་དག་ནི་ཀཽ་,749,ཤེར་ཕྱིན། ང་།.txt
ཀྱི་བུ་དང༌རིགས་ཀྱི་བུ་,མོ་,དེ་དག་གིས་ནང་,750,ཤེར་ཕྱིན། ང་།.txt
ཀྱི་བུ་དང༌རིགས་ཀྱི་བུ་,མོ་,གང་ཤེས་རབ་ཀྱི་,755,ཤེར་ཕྱིན། ང་།.txt
རིགས་ཀྱི་བུ་,མོ་,གང་ལ་ལ་ཞིག་,800,ཤེར་ཕྱིན། ང་།.txt
ཕ་རོལ་ཏུ་ཕྱིན་པ་ཟབ་,མོ་,འདི་ཡོངས་སུ་གཟུང་,811,ཤེར་ཕྱིན། ང་།.txt
ན་རིགས་ཀྱི་བུའམརིགས་ཀྱི་བུ་,མོ་,ཤེས་རབ་ཀྱི་ཕ་,834,ཤེར་ཕྱིན། ང་།.txt
དུ་རིགས་ཀྱི་བུའམརིགས་ཀྱི་བུ་,མོ་,གང་ལ་ལ་ཤེས་,837,ཤེར་ཕྱིན། ང་།.txt
ཀྱང་རིགས་ཀྱི་བུའམརིགས་ཀྱི་བུ་,མོ་,གང་ཤེས་རབ་ཀྱི་,842,ཤེར་ཕྱིན། ང་།.txt
རིགས་ཀྱི་བུའམ་རིགས་ཀྱི་བུ་,མོ་,དེ་ལྟར་ཕ་རོལ་,904,ཤེར་ཕྱིན། ང་།.txt
ལྟར་རིགས་ཀྱི་བུའམརིགས་ཀྱི་བུ་,མོ་,གང་ཤེས་རབ་ཀྱི་,909,ཤེར་ཕྱིན། ང་།.txt
རིགས་ཀྱི་བུའམ་རིགས་ཀྱི་བུ་,མོ་,གང་ཤེས་རབ་ཀྱི་,943,ཤེར་ཕྱིན། ང་།.txt
ཕ་རོལ་ཏུ་ཕྱིན་པ་ཟབ་,མོ་,འདི་འཛིན་པའམའཆང་བའམཀློག་,943,ཤེར་ཕྱིན། ང་།.txt
ཏེ་རིགས་ཀྱི་བུའམརིགས་ཀྱི་བུ་,མོ་,དེས་ཤེས་རབ་ཀྱི་,943,ཤེར་ཕྱིན། ང་།.txt
རིགས་ཀྱི་བུའམ་རིགས་ཀྱི་བུ་,མོ་,དེ་ཕམ་པར་མི་,943,ཤེར་ཕྱིན། ང་།.txt
མ་སྨས་མ་ཉམས་པར་འཐབ་,མོ་,དེ་ལས་ཐར་བར་,944,ཤེར་ཕྱིན། ང་།.txt
ཕ་རོལ་ཏུ་ཕྱིན་པ་ཟབ་,མོ་,འདི་ཁ་ཏོན་དུ་,944,ཤེར་ཕྱིན། ང་།.txt
ལྟར་རིགས་ཀྱི་བུའམརིགས་ཀྱི་བུ་,མོ་,དེ་ཡུན་རིང་པོར་,946,ཤེར་ཕྱིན། ང་།.txt
ན་རིགས་ཀྱི་བུའམརིགས་ཀྱི་བུ་,མོ་,དེའི་ལུས་ལ་མཚོན་,947,ཤེར་ཕྱིན། ང་།.txt
ཏེ་རིགས་ཀྱི་བུའམརིགས་ཀྱི་བུ་,མོ་,ཤེས་རབ་ཀྱི་ཕ་,948,ཤེར་ཕྱིན། ང་།.txt
རོལ་ཏུ་ཕྱིན་པ་ཟབ་,མོ་,འདི་འཛིན་པར་འགྱུརའཆང་,948,ཤེར་ཕྱིན། ང་།.txt
པའི་རིགས་ཀྱི་བུའམརིགས་ཀྱི་བུ་,མོ་,ནི་བདག་ལ་ཡང་,951,ཤེར་ཕྱིན། ང་།.txt
ཀྱང་རིགས་ཀྱི་བུའམརིགས་ཀྱི་བུ་,མོ་,གང་གིས་ཤེས་རབ་,962,ཤེར་ཕྱིན། ང་།.txt
ཕ་རོལ་ཏུ་ཕྱིན་པ་ཟབ་,མོ་,འདི་བྲིས་ནས་འཆང་,962,ཤེར་ཕྱིན། ང་།.txt
རིགས་ཀྱི་བུའམ་རིགས་ཀྱི་བུ་,མོ་,གང་ལ་ལས་ཤེས་,972,ཤེར་ཕྱིན། ང་།.txt
ན་རིགས་ཀྱི་བུའམརིགས་ཀྱི་བུ་,མོ་,གང་ལ་ལས་ཤེས་,982,ཤེར་ཕྱིན། ང་།.txt
ནི་རིགས་ཀྱི་བུའམརིགས་ཀྱི་བུ་,མོ་,དེ་དག་གིས་ཐམས་,983,ཤེར་ཕྱིན། ང་།.txt
རིགས་ཀྱི་བུའམ་རིགས་ཀྱི་བུ་,མོ་,གང་ལ་ལས་དེ་,984,ཤེར་ཕྱིན། ང་།.txt
ན་རིགས་ཀྱི་བུའམརིགས་ཀྱི་བུ་,མོ་,གང་བླ་ན་མེད་,1055,ཤེར་ཕྱིན། ང་།.txt
རིགས་ཀྱི་བུའམ་རིགས་ཀྱི་བུ་,མོ་,དེ་དག་འདི་ལྟར་,1069,ཤེར་ཕྱིན། ང་།.txt
འདས་རིགས་ཀྱི་བུའམརིགས་ཀྱི་བུ་,མོ་,ཤེས་རབ་ཀྱི་ཕ་,1073,ཤེར་ཕྱིན། ང་།.txt
ཀ་རིགས་ཀྱི་བུའམརིགས་ཀྱི་བུ་,མོ་,གང་ལ་ལ་ཞིག་,1074,ཤེར་ཕྱིན། ང་།.txt
སེམསརིགས་ཀྱི་བུའམ་རིགས་ཀྱི་བུ་,མོ་,དེའི་བསོད་ནམས་དེའི་,1074,ཤེར་ཕྱིན། ང་།.txt
སེམསརིགས་ཀྱི་བུའམ་རིགས་ཀྱི་བུ་,མོ་,དེ་དེའི་རྒྱུས་བསོད་,1078,ཤེར་ཕྱིན། ང་།.txt
དུ་སེམསརིགས་ཀྱི་བུའམརིགས་ཀྱི་བུ་,མོ་,དེ་དེའི་རྒྱུས་བསོད་,1082,ཤེར་ཕྱིན། ང་།.txt
རིགས་ཀྱི་བུའམ་རིགས་ཀྱི་བུ་,མོ་,གང་ལ་ལ་ཞིག་,1086,ཤེར་ཕྱིན། ང་།.txt
སེམསརིགས་ཀྱི་བུའམ་རིགས་ཀྱི་བུ་,མོ་,དེ་དེའི་གཞི་ལས་,1086,ཤེར་ཕྱིན། ང་།.txt
ཀྱི་བུ་དང༌རིགས་ཀྱི་བུ་,མོ་,གང་ལ་ལ་ཞིག་,1094,ཤེར་ཕྱིན། ང་།.txt
དུ་སེམསརིགས་ཀྱི་བུའམརིགས་ཀྱི་བུ་,མོ་,དེ་དེའི་གཞི་ལས་,1094,ཤེར་ཕྱིན། ང་།.txt
ཀྱང་རིགས་ཀྱི་བུའམརིགས་ཀྱི་བུ་,མོ་,གང་ལ་ལས་ཤེས་,1100,ཤེར་ཕྱིན། ང་།.txt
འདས་རིགས་ཀྱི་བུའམརིགས་ཀྱི་བུ་,མོ་,དེ་དེའི་གཞི་ལས་,1105,ཤེར་ཕྱིན། ང་།.txt
ན་རིགས་ཀྱི་བུའམརིགས་ཀྱི་བུ་,མོ་,དེ་དེའི་གཞི་ལས་,1105,ཤེར་ཕྱིན། ང་།.txt
ཀྱང་རིགས་ཀྱི་བུའམརིགས་ཀྱི་བུ་,མོ་,གང་ལ་ལ་ཤེས་,1107,ཤེར་ཕྱིན། ང་།.txt
ན་རིགས་ཀྱི་བུའམརིགས་ཀྱི་བུ་,མོ་,འདི་ཉིད་སྔར་གྱི་,1107,ཤེར་ཕྱིན། ང་།.txt
རིགས་ཀྱི་བུའམརིགས་ཀྱི་བུ་,མོ་,དེ་བས་བསོད་ནམས་,1107,ཤེར་ཕྱིན། ང་།.txt
ཏེརིགས་ཀྱི་བུའམ་རིགས་ཀྱི་བུ་,མོ་,གང་ཤེས་རབ་ཀྱི་,1114,ཤེར་ཕྱིན། ང་།.txt
གསུམ་པའི་ལྷ་རྣམས་དང་འཐབ་,མོ་,བྱའོ་,1147,ཤེར་ཕྱིན། ང་།.txt
ལྷའི་བུ་དང་ལྷའི་བུ་,མོ་,གང་དག་འཆི་བའི་,1150,ཤེར་ཕྱིན། ང་།.txt
ན་རིགས་ཀྱི་བུའམརིགས་ཀྱི་བུ་,མོ་,དེ་སྔོན་གྱི་ལས་,1196,ཤེར་ཕྱིན། ང་།.txt
ཏེ་རིགས་ཀྱི་བུའམརིགས་ཀྱི་བུ་,མོ་,དེ་ཤེས་རབ་ཀྱི་,1204,ཤེར་ཕྱིན། ང་།.txt
ལྟར་རིགས་ཀྱི་བུའམརིགས་ཀྱི་བུ་,མོ་,དེ་དག་གིས་སེམས་,1205,ཤེར་ཕྱིན། ང་།.txt
ཀ་རིགས་ཀྱི་བུའམརིགས་ཀྱི་བུ་,མོ་,གང་ཤེས་རབ་ཀྱི་,1205,ཤེར་ཕྱིན། ང་།.txt
དུ་རིགས་ཀྱི་བུའམརིགས་ཀྱི་བུ་,མོ་,དེ་དག་གིས་ཤེས་,1248,ཤེར་ཕྱིན། ང་།.txt
འདས་རིགས་ཀྱི་བུའམརིགས་ཀྱི་བུ་,མོ་,གང་ལ་ལ་ཤེས་,1255,ཤེར་ཕྱིན། ང་།.txt
ཀྱང་རིགས་ཀྱི་བུའམརིགས་ཀྱི་བུ་,མོ་,དེ་ལ་ཡང་རྒྱུན་,1256,ཤེར་ཕྱིན། ང་།.txt
རིགས་ཀྱི་བུའམ་རིགས་ཀྱི་བུ་,མོ་,གང་ལ་ལ་ཤེས་,1257,ཤེར་ཕྱིན། ང་།.txt
ཀྱིས་རིགས་ཀྱི་བུའམརིགས་ཀྱི་བུ་,མོ་,གང་ཤེས་རབ་ཀྱི་,1292,ཤེར་ཕྱིན། ང་།.txt
ཀ་རིགས་ཀྱི་བུའམརིགས་ཀྱི་བུ་,མོ་,གང་གིས་ཤེས་རབ་,1303,ཤེར་ཕྱིན། ང་།.txt
ཞེ་ནརིགས་ཀྱི་བུའམརིགས་ཀྱི་བུ་,མོ་,གང་ཤེས་རབ་ཀྱི་,1304,ཤེར་ཕྱིན། ང་།.txt
ཀྱི་བུ་དང༌རིགས་ཀྱི་བུ་,མོ་,ཤེས་རབ་ཀྱི་ཕ་,1307,ཤེར་ཕྱིན། ང་།.txt
ལྟར་རིགས་ཀྱི་བུའམརིགས་ཀྱི་བུ་,མོ་,དེ་དག་ཉན་ཐོས་,1312,ཤེར་ཕྱིན། ང་།.txt
འདས་རིགས་ཀྱི་བུའམརིགས་ཀྱི་བུ་,མོ་,གང་ཤེས་རབ་ཀྱི་,1315,ཤེར་ཕྱིན། ང་།.txt
ཀ་རིགས་ཀྱི་བུའམརིགས་ཀྱི་བུ་,མོ་,དེ་རྣམས་ལ་ཡང་,1316,ཤེར་ཕྱིན། ང་།.txt
ཏེརིགས་ཀྱི་བུའམ་རིགས་ཀྱི་བུ་,མོ་,ཤེས་རབ་ཀྱི་ཕ་,1316,ཤེར་ཕྱིན། ང་།.txt
ཡང་རིགས་ཀྱི་བུའམརིགས་ཀྱི་བུ་,མོ་,དེ་དག་ཤེས་རབ་,1319,ཤེར་ཕྱིན། ང་།.txt
ལྟར་རིགས་ཀྱི་བུའམརིགས་ཀྱི་བུ་,མོ་,དེ་རྣམས་ལ་ཤེས་,1320,ཤེར་ཕྱིན། ང་།.txt
ལྟར་རིགས་ཀྱི་བུའམརིགས་ཀྱི་བུ་,མོ་,དེ་ཡང་ནང་སྟོང་,1321,ཤེར་ཕྱིན། ང་།.txt
བའི་རིགས་ཀྱི་བུའམརིགས་ཀྱི་བུ་,མོ་,དེ་རྣམས་ལ་རྒོལ་,1321,ཤེར་ཕྱིན། ང་།.txt
ཡང་རིགས་ཀྱི་བུའམརིགས་ཀྱི་བུ་,མོ་,ཤེས་རབ་ཀྱི་ཕ་,1322,ཤེར་ཕྱིན། ང་།.txt
ལྟར་རིགས་ཀྱི་བུའམརིགས་ཀྱི་བུ་,མོ་,དེ་དག་གིས་གང་,1324,ཤེར་ཕྱིན། ང་།.txt
ཡང་རིགས་ཀྱི་བུའམརིགས་ཀྱི་བུ་,མོ་,གང་ལ་ལ་ཤེས་,1326,ཤེར་ཕྱིན། ང་།.txt
རིགས་ཀྱི་བུའམ་རིགས་ཀྱི་བུ་,མོ་,དེ་ལ་སྟོང་གསུམ་,1337,ཤེར་ཕྱིན། ང་།.txt
ཀྱང་རིགས་ཀྱི་བུའམརིགས་ཀྱི་བུ་,མོ་,དེ་ལ་བསྲུང་བ་,1337,ཤེར་ཕྱིན། ང་།.txt
ཀ་རིགས་ཀྱི་བུའམརིགས་ཀྱི་བུ་,མོ་,དེ་ཚེ་འདི་ལ་,1339,ཤེར་ཕྱིན། ང་།.txt
འདས་རིགས་ཀྱི་བུའམརིགས་ཀྱི་བུ་,མོ་,དེས་འདིར་ཕྱོགས་བཅུ་,1342,ཤེར་ཕྱིན། ང་།.txt
ཏེ་རིགས་ཀྱི་བུའམརིགས་ཀྱི་བུ་,མོ་,གཙང་སྦྲའི་སྤྱོད་པ་,1344,ཤེར་ཕྱིན། ང་།.txt
ལྟར་རིགས་ཀྱི་བུའམརིགས་ཀྱི་བུ་,མོ་,དེ་ཡང་མོས་པ་,1346,ཤེར་ཕྱིན། ང་།.txt
ཡང་རིགས་ཀྱི་བུའམརིགས་ཀྱི་བུ་,མོ་,དེའི་ལུས་ལ་ངལ་,1351,ཤེར་ཕྱིན། ང་།.txt
ཀ་རིགས་ཀྱི་བུའམརིགས་ཀྱི་བུ་,མོ་,དེས་ལུས་ཡང་བ་,1354,ཤེར་ཕྱིན། ང་།.txt
ཏེའཇིག་རྟེན་གྱི་ཁམས་ཆེ་གེ་,མོ་,ཞིག་ན་དེ་བཞིན་,1368,ཤེར་ཕྱིན། ང་།.txt
རྫོགས་པའི་སངས་རྒྱས་ཆེ་གེ་,མོ་,ཞེས་བྱ་བ་བྱང་,1368,ཤེར་ཕྱིན། ང་།.txt
ལྟར་རིགས་ཀྱི་བུའམརིགས་ཀྱི་བུ་,མོ་,དེ་དག་གི་རྨི་,1370,ཤེར་ཕྱིན། ང་།.txt
དུ་རིགས་ཀྱི་བུའམརིགས་ཀྱི་བུ་,མོ་,དེ་དག་ཀྱང་ཟས་,1375,ཤེར་ཕྱིན། ང་།.txt
སྟེ་རིགས་ཀྱི་བུའམརིགས་ཀྱི་བུ་,མོ་,དེ་དག་གིས་ཤེས་,1384,ཤེར་ཕྱིན། ང་།.txt
ཀ་རིགས་ཀྱི་བུའམརིགས་ཀྱི་བུ་,མོ་,འདི་ཉིད་དེའི་གཞི་,1384,ཤེར་ཕྱིན། ང་།.txt
ཀ་རིགས་ཀྱི་བུའམརིགས་ཀྱི་བུ་,མོ་,གང་ལ་ལ་ཤེས་,1384,ཤེར་ཕྱིན། ང་།.txt
ལ་རིགས་ཀྱི་བུའམརིགས་ཀྱི་བུ་,མོ་,གང་ལ་ལ་ཞིག་,1385,ཤེར་ཕྱིན། ང་།.txt
རིགས་ཀྱི་བུའམརིགས་ཀྱི་བུ་,མོ་,དེ་དག་གིས་དེ་,1424,ཤེར་ཕྱིན། ང་།.txt
དང༌རིགས་ཀྱི་བུའམརིགས་ཀྱི་བུ་,མོ་,ལ་ལས་ཤེས་རབ་,1426,ཤེར་ཕྱིན། ང་།.txt
དང༌རིགས་ཀྱི་བུའམརིགས་ཀྱི་བུ་,མོ་,ལ་ལ་ཤེས་རབ་,1429,ཤེར་ཕྱིན། ང་།.txt
ལྟར་རིགས་ཀྱི་བུའམརིགས་ཀྱི་བུ་,མོ་,དེ་ནི་ཕྱིར་མི་,1435,ཤེར་ཕྱིན། ང་།.txt
ལྟར་རིགས་ཀྱི་བུའམརིགས་ཀྱི་བུ་,མོ་,དེ་ནི་ཤེས་རབ་,1436,ཤེར་ཕྱིན། ང་།.txt
ནུབ་,མོ་,ནི་ནོར་བུ་རིན་,1461,ཤེར་ཕྱིན། ང་།.txt
དེར་རིགས་ཀྱི་བུའམརིགས་ཀྱི་བུ་,མོ་,དེ་དག་གི་ལུས་,1478,ཤེར་ཕྱིན། ང་།.txt
འདས་རིགས་ཀྱི་བུའམརིགས་ཀྱི་བུ་,མོ་,གང་དེ་བཞིན་གཤེགས་,1492,ཤེར་ཕྱིན། ང་།.txt
རིགས་ཀྱི་བུའམརིགས་ཀྱི་བུ་,མོ་,དེས་ཤེས་རབ་ཀྱི་,1493,ཤེར་ཕྱིན། ང་།.txt
བགྱི་སྟེརིགས་ཀྱི་བུའམརིགས་ཀྱི་བུ་,མོ་,དེས་ནི་ཕྱོགས་བཅུའི་,1496,ཤེར་ཕྱིན། ང་།.txt
འདས་རིགས་ཀྱི་བུའམརིགས་ཀྱི་བུ་,མོ་,གང་ལ་ལ་ཞིག་,1574,ཤེར་ཕྱིན། ང་།.txt
ཀྱི་བུ་དང༌རིགས་ཀྱི་བུ་,མོ་,ལ་ལས་ཤེས་རབ་,1574,ཤེར་ཕྱིན། ང་།.txt
དུ་སེམསརིགས་ཀྱི་བུའམརིགས་ཀྱི་བུ་,མོ་,གང་ལ་ལས་དེ་,1575,ཤེར་ཕྱིན། ང་།.txt
ཀྱི་བུ་དང༌རིགས་ཀྱི་བུ་,མོ་,ལ་ལ་དེ་བཞིན་,1575,ཤེར་ཕྱིན། ང་།.txt
རིགས་ཀྱི་བུའམ་རིགས་ཀྱི་བུ་,མོ་,ལ་ལས་དེ་བཞིན་,1575,ཤེར་ཕྱིན། ང་།.txt
འཚལ་ཏེརིགས་ཀྱི་བུའམརིགས་ཀྱི་བུ་,མོ་,རང་ཉིད་ཀྱིས་དེ་,1575,ཤེར་ཕྱིན། ང་།.txt
བཞིན་ཏེརིགས་ཀྱི་བུའམརིགས་ཀྱི་བུ་,མོ་,གང་ལ་ལས་ཤེས་,1579,ཤེར་ཕྱིན། ང་།.txt
བྱིན་ནརིགས་ཀྱི་བུའམརིགས་ཀྱི་བུ་,མོ་,དེའི་གཞི་ལས་བསོད་,1579,ཤེར་ཕྱིན། ང་།.txt
ཡང་རིགས་ཀྱི་བུའམརིགས་ཀྱི་བུ་,མོ་,གང་ལ་ལས་ཤེས་,1580,ཤེར་ཕྱིན། ང་།.txt
བྱེད་ནརིགས་ཀྱི་བུའམརིགས་ཀྱི་བུ་,མོ་,དེ་ནི་རིགས་ཀྱི་,1580,ཤེར་ཕྱིན། ང་།.txt
བུའམརིགས་ཀྱི་བུ་,མོ་,སྔ་མ་དེ་དག་,1580,ཤེར་ཕྱིན། ང་།.txt
ན་རིགས་ཀྱི་བུའམརིགས་ཀྱི་བུ་,མོ་,དེ་བཞིན་གཤེགས་པ་,1591,ཤེར་ཕྱིན། ང་།.txt
ཅི་རིགས་ཀྱི་བུའམརིགས་ཀྱི་བུ་,མོ་,བླ་ན་མེད་པ་,1596,ཤེར་ཕྱིན། ང་།.txt
པའི་རིགས་ཀྱི་བུའམརིགས་ཀྱི་བུ་,མོ་,དེ་ནི་བླ་ན་,1603,ཤེར་ཕྱིན། ང་།.txt
རིགས་ཀྱི་བུའམརིགས་ཀྱི་བུ་,མོ་,ལ་ལ་ཞིག་གིས་,1613,ཤེར་ཕྱིན། ང་།.txt
པ་བསརིགས་ཀྱི་བུའམརིགས་ཀྱི་བུ་,མོ་,གཞན་ལ་ལ་ཞིག་,1613,ཤེར་ཕྱིན། ང་།.txt
དུ་རིགས་ཀྱི་བུའམརིགས་ཀྱི་བུ་,མོ་,གཞན་ལ་ལ་ཞིག་,1619,ཤེར་ཕྱིན། ང་།.txt
པ་བསརིགས་ཀྱི་བུའམརིགས་ཀྱི་བུ་,མོ་,ལ་ལ་ཞིག་གིས་,1619,ཤེར་ཕྱིན། ང་།.txt
ཡང་རིགས་ཀྱི་བུའམརིགས་ཀྱི་བུ་,མོ་,ལ་ལ་ཞིག་གིས་,1623,ཤེར་ཕྱིན། ང་།.txt
དུ་སེམསརིགས་ཀྱི་བུའམརིགས་ཀྱི་བུ་,མོ་,དེའི་བསོད་ནམས་དེའི་,1623,ཤེར་ཕྱིན། ང་།.txt
ཤིང་རིགས་ཀྱི་བུའམརིགས་ཀྱི་བུ་,མོ་,དག་ལ་ཡང་དག་,1627,ཤེར་ཕྱིན། ང་།.txt
དག་རིགས་ཀྱི་བུའམརིགས་ཀྱི་བུ་,མོ་,གང་ལ་ལས་དགེ་,1659,ཤེར་ཕྱིན། ང་།.txt
བས་ཀྱང་རིགས་ཀྱི་བུའམརིགས་བུ་,མོ་,གང་གིས་ཤེས་རབ་,1661,ཤེར་ཕྱིན། ང་།.txt
དག་རིགས་ཀྱི་བུའམརིགས་ཀྱི་བུ་,མོ་,ལ་ལས་དགེ་བ་,1670,ཤེར་ཕྱིན། ང་།.txt
ཅད་རིགས་ཀྱི་བུའམརིགས་ཀྱི་བུ་,མོ་,གང་ལ་ལས་དགེ་,1672,ཤེར་ཕྱིན། ང་།.txt
བས་རིགས་ཀྱི་བུའམརིགས་ཀྱི་བུ་,མོ་,གང་གིས་ཤེས་རབ་,1672,ཤེར་ཕྱིན། ང་།.txt
ཀྱང་རིགས་ཀྱི་བུའམརིགས་ཀྱི་བུ་,མོ་,འདིའི་བསོད་ནམས་ཆེས་,1672,ཤེར་ཕྱིན། ང་།.txt
ཤིང་རིགས་ཀྱི་བུའམརིགས་ཀྱི་བུ་,མོ་,དེ་དག་ཡང་དག་,1673,ཤེར་ཕྱིན། ང་།.txt
དག་རིགས་ཀྱི་བུའམརིགས་ཀྱི་བུ་,མོ་,ལ་ལ་ཞིག་གིས་,1697,ཤེར་ཕྱིན། ང་།.txt
ནི་རིགས་ཀྱི་བུའམརིགས་ཀྱི་བུ་,མོ་,དེའི་བསོད་ནམས་ཆེས་,1701,ཤེར་ཕྱིན། ང་།.txt
ཡིན་ཏེརིགས་ཀྱི་བུའམརིགས་ཀྱི་བུ་,མོ་,གང་ཤེས་རབ་ཀྱི་,1707,ཤེར་ཕྱིན། ང་།.txt
ཡང་རིགས་ཀྱི་བུའམརིགས་ཀྱི་བུ་,མོ་,ལ་ལ་ཞིག་བདག་,1708,ཤེར་ཕྱིན། ང་།.txt
པའི་རིགས་ཀྱི་བུའམརིགས་ཀྱི་བུ་,མོ་,དེ་ནི་བསོད་ནམས་,1711,ཤེར་ཕྱིན། ང་།.txt
ཏེ་རིགས་ཀྱི་བུའམརིགས་ཀྱི་བུ་,མོ་,ཕྱོགས་བཅུའི་ཕྱོགས་རེ་,1712,ཤེར་ཕྱིན། ང་།.txt
ཀ་རིགས་ཀྱི་བུའམརིགས་ཀྱི་བུ་,མོ་,ལ་ལ་ཞིག་གིས་,1712,ཤེར་ཕྱིན། ང་།.txt
བྱས་ནརིགས་ཀྱི་བུའམརིགས་ཀྱི་བུ་,མོ་,འདི་ཉིད་ཀྱི་བསོད་,1712,ཤེར་ཕྱིན། ང་།.txt
ཡང་རིགས་ཀྱི་བུའམརིགས་ཀྱི་བུ་,མོ་,གང་ལ་ལས་བསྐལ་,1716,ཤེར་ཕྱིན། ང་།.txt
ཀ་རིགས་ཀྱི་བུའམརིགས་ཀྱི་བུ་,མོ་,དེ་ལྟར་དམིགས་པ་,1735,ཤེར་ཕྱིན། ང་།.txt
ཀ་རིགས་ཀྱི་བུའམརིགས་ཀྱི་བུ་,མོ་,དེ་ལྟར་མི་དམིགས་,1749,ཤེར་ཕྱིན། ང་།.txt
ཏེདེར་རིགས་ཀྱི་བུའམརིགས་ཀྱི་བུ་,མོ་,གང་བླ་ན་མེད་,1751,ཤེར་ཕྱིན། ང་།.txt
ལ་རིགས་ཀྱི་བུའམརིགས་ཀྱི་བུ་,མོ་,དག་ཤེས་རབ་ཀྱི་,1752,ཤེར་ཕྱིན། ང་།.txt
ཞེས་རིགས་ཀྱི་བུའམརིགས་ཀྱི་བུ་,མོ་,རྣམས་ལ་སྟོན་པར་,1753,ཤེར་ཕྱིན། ང་།.txt
ཡང་རིགས་ཀྱི་བུའམརིགས་ཀྱི་བུ་,མོ་,དེ་དག་འདི་ལྟར་,1764,ཤེར་ཕྱིན། ང་།.txt
ཡང་རིགས་ཀྱི་བུའམརིགས་ཀྱི་བུ་,མོ་,དེ་དག་ཐེག་པ་,1767,ཤེར་ཕྱིན། ང་།.txt
པའི་རིགས་ཀྱི་བུའམརིགས་ཀྱི་བུ་,མོ་,དེ་དག་ལ་ཤེས་,1767,ཤེར་ཕྱིན། ང་།.txt
ཡང་རིགས་ཀྱི་བུའམརིགས་ཀྱི་བུ་,མོ་,དེ་དག་ལ་ཤེས་,1769,ཤེར་ཕྱིན། ང་།.txt
པའི་རིགས་ཀྱི་བུའམརིགས་ཀྱི་བུ་,མོ་,དེ་དག་ནི་ཤེས་,1771,ཤེར་ཕྱིན། ང་།.txt
ཡང་རིགས་ཀྱི་བུའམརིགས་ཀྱི་བུ་,མོ་,དེ་དག་བྱང་ཆུབ་,1772,ཤེར་ཕྱིན། ང་།.txt
རིགས་ཀྱི་བུའམ་རིགས་ཀྱི་བུ་,མོ་,དེ་དག་ལ་འདི་,1772,ཤེར་ཕྱིན། ང་།.txt
རིགས་ཀྱི་བུའམ་རིགས་ཀྱི་བུ་,མོ་,དེ་དག་ནི་ཤེས་,1772,ཤེར་ཕྱིན། ང་།.txt
ཡང་རིགས་ཀྱི་བུའམརིགས་ཀྱི་བུ་,མོ་,དེ་དག་ནི་བྱང་,1773,ཤེར་ཕྱིན། ང་།.txt
པའི་རིགས་ཀྱི་བུའམརིགས་ཀྱི་བུ་,མོ་,དེ་དག་ལ་འདི་,1773,ཤེར་ཕྱིན། ང་།.txt
བའི་རིགས་ཀྱི་བུའམརིགས་ཀྱི་བུ་,མོ་,དེ་དག་ནི་ཤེས་,1773,ཤེར་ཕྱིན། ང་།.txt
འདས་རིགས་ཀྱི་བུའམརིགས་ཀྱི་བུ་,མོ་,དེ་དག་བྱང་ཆུབ་,1774,ཤེར་ཕྱིན། ང་།.txt
པའི་རིགས་ཀྱི་བུའམརིགས་ཀྱི་བུ་,མོ་,དེ་དག་ལ་ཇི་,1774,ཤེར་ཕྱིན། ང་།.txt
ལ་རིགས་ཀྱི་བུའམརིགས་ཀྱི་བུ་,མོ་,དེ་དག་ཐེག་པ་,1774,ཤེར་ཕྱིན། ང་།.txt
པའི་རིགས་ཀྱི་བུའམརིགས་ཀྱི་བུ་,མོ་,དེ་དག་གི་བསོད་,1795,ཤེར་ཕྱིན། ང་།.txt
འགྱུར་གྱིརིགས་ཀྱི་བུའམརིགས་ཀྱི་བུ་,མོ་,སྔ་མ་དག་ནི་,1795,ཤེར་ཕྱིན། ང་།.txt
དུ་སེམསརིགས་ཀྱི་བུའམརིགས་ཀྱི་བུ་,མོ་,དེའི་བསོད་ནམས་མང་,1796,ཤེར་ཕྱིན། ང་།.txt
ཅད་རིགས་ཀྱི་བུའམརིགས་ཀྱི་བུ་,མོ་,གང་ལ་ལས་རྒྱུན་,1809,ཤེར་ཕྱིན། ང་།.txt
ཅད་རིགས་ཀྱི་བུའམརིགས་ཀྱི་བུ་,མོ་,གང་ལ་ལས་ཞིག་,1809,ཤེར་ཕྱིན། ང་།.txt
རིགས་ཀྱི་བུའམ་རིགས་ཀྱི་བུ་,མོ་,ལ་ལ་ཞིག་གིས་,1819,ཤེར་ཕྱིན། ང་།.txt
རིགས་ཀྱི་བུ་འམརིགས་ཀྱི་བུ་,མོ་,གང་ལ་ལས་གླིང་,1831,ཤེར་ཕྱིན། ང་།.txt
ཅད་རིགས་ཀྱི་བུའམརིགས་ཀྱི་བུ་,མོ་,གང་ལ་ལ་ཞིག་,1831,ཤེར་ཕྱིན། ང་།.txt
ཅད་རིགས་ཀྱི་བུའམརིགས་ཀྱི་བུ་,མོ་,ལ་ལ་ཞིག་གིས་,1831,ཤེར་ཕྱིན། ང་།.txt
བུ་སེམསརིགས་ཀྱི་བུའམརིགས་ཀྱི་བུ་,མོ་,དེའི་བསོད་ནམས་དེའི་,1850,ཤེར་ཕྱིན། ང་།.txt
དག་རིགས་ཀྱི་བུའམརིགས་ཀྱི་བུ་,མོ་,གང་ལ་ལ་ཞིག་,1865,ཤེར་ཕྱིན། ང་།.txt
ཀ་རིགས་ཀྱི་བུའམརིགས་ཀྱི་བུ་,མོ་,འདི་ཉིད་ཆེས་བསོད་,1884,ཤེར་ཕྱིན། ང་།.txt
བསརིགས་ཀྱི་བུའམ་རིགས་ཀྱི་བུ་,མོ་,གང་གིས་ཤེས་རབ་,1885,ཤེར་ཕྱིན། ང་།.txt
ལ་རིགས་ཀྱི་བུའམརིགས་ཀྱི་བུ་,མོ་,ལ་ལ་ཞིག་གིས་,1892,ཤེར་ཕྱིན། ང་།.txt
པའི་རིགས་ཀྱི་བུའམརིགས་ཀྱི་བུ་,མོ་,འདི་ཉིད་ཀྱི་བསོད་,1902,ཤེར་ཕྱིན། ང་།.txt
པའི་རིགས་ཀྱི་བུའམརིགས་ཀྱི་བུ་,མོ་,འདི་རྣམས་ལ་མོས་,1906,ཤེར་ཕྱིན། ང་།.txt
པའི་རིགས་ཀྱི་བུའམརིགས་ཀྱི་བུ་,མོ་,ཤེས་རབ་ཀྱི་ཕ་,2029,ཤེར་ཕྱིན། ང་།.txt
པའི་རིགས་ཀྱི་བུའམརིགས་ཀྱི་བུ་,མོ་,གང་མཚན་མའི་ཚུལ་,2041,ཤེར་ཕྱིན། ང་།.txt
ཀྱང་རིགས་ཀྱི་བུའམརིགས་ཀྱི་བུ་,མོ་,གང་དགེ་བའི་རྩ་,2054,ཤེར་ཕྱིན། ང་།.txt
ན་རིགས་ཀྱི་བུའམརིགས་ཀྱི་བུ་,མོ་,དེའི་དགེ་བའི་རྩ་,2055,ཤེར་ཕྱིན། ང་།.txt
ཀྱང་རིགས་ཀྱི་བུའམརིགས་ཀྱི་བུ་,མོ་,གང་དེ་ལྟར་དགེ་,2065,ཤེར་ཕྱིན། ང་།.txt
ཀྱང་རིགས་ཀྱི་བུའམརིགས་ཀྱི་བུ་,མོ་,ལ་ལ་ཞིག་གིས་,2068,ཤེར་ཕྱིན། ང་།.txt
དུ་སེམསརིགས་ཀྱི་བུའམརིགས་ཀྱི་བུ་,མོ་,དེ་དག་གི་བསོད་,2069,ཤེར་ཕྱིན། ང་།.txt
ལྟར་རིགས་ཀྱི་བུའམརིགས་ཀྱི་བུ་,མོ་,གང་སེམས་ཅན་དགེ་,2084,ཤེར་ཕྱིན། ང་།.txt
ལྟར་རིགས་ཀྱི་བུའམརིགས་ཀྱི་བུ་,མོ་,གང་སེམས་ཅན་དེ་,2085,ཤེར་ཕྱིན། ང་།.txt
སྟོང་ཕྲག་ཉི་ཤུ་དག་ཐལ་,མོ་,སྦྱར་ནས་བཅོམ་ལྡན་,2086,ཤེར་ཕྱིན། ང་།.txt
པོ་དང༌ལྷ་རྫས་ཀྱི་རོལ་,མོ་,རྣམས་བརྡུང་ཞིང༌བཅོམ་,2088,ཤེར་ཕྱིན། ང་།.txt
གིས་རིགས་ཀྱི་བུའམརིགས་ཀྱི་བུ་,མོ་,གང་སྔ་མ་དམིགས་,2092,ཤེར་ཕྱིན། ང་།.txt
གིས་རིགས་ཀྱི་བུའམརིགས་ཀྱི་བུ་,མོ་,སྔ་མ་དམིགས་པའི་,2093,ཤེར་ཕྱིན། ང་།.txt
བ་བསརིགས་ཀྱི་བུའམརིགས་ཀྱི་བུ་,མོ་,གང་བླ་ན་མེད་,2094,ཤེར་ཕྱིན། ང་།.txt
བསྔོ་ནརིགས་ཀྱི་བུའམརིགས་ཀྱི་བུ་,མོ་,དེ་ནི་རིགས་ཀྱི་,2094,ཤེར་ཕྱིན། ང་།.txt
འདས་རིགས་ཀྱི་བུའམརིགས་ཀྱི་བུ་,མོ་,གང་གིས་རྗེས་སུ་,2097,ཤེར་ཕྱིན། ང་།.txt
པནམ་རིགས་ཀྱི་བུའམརིགས་ཀྱི་བུ་,མོ་,དེ་འདས་པ་དང༌,2097,ཤེར་ཕྱིན། ང་།.txt
པའི་རིགས་ཀྱི་བུའམརིགས་ཀྱི་བུ་,མོ་,འདས་པ་དང༌མ་,2100,ཤེར་ཕྱིན། ང་།.txt
པའི་རིགས་ཀྱི་བུའམརིགས་ཀྱི་བུ་,མོ་,གང་ལ་ལ་ཞིག་,2127,ཤེར་ཕྱིན། ང་།.txt
བས་རིགས་ཀྱི་བུའམརིགས་ཀྱི་བུ་,མོ་,བླ་ན་མེད་པ་,2127,ཤེར་ཕྱིན། ང་།.txt
ཕ་རོལ་ཏུ་ཕྱིན་པ་ཆེན་,མོ་,ཡིནརབ་འབྱོར་གྱིས་གསོལ་,2211,ཤེར་ཕྱིན། ང་།.txt
ལགསརིགས་ཀྱི་བུའམ་རིགས་ཀྱི་བུ་,མོ་,དེས་ཡུན་རིང་པོ་,2251,ཤེར་ཕྱིན། ང་།.txt
ཕ་རོལ་ཏུ་ཕྱིན་པ་ཟབ་,མོ་,འདི་ལ་དོན་དང་,2251,ཤེར་ཕྱིན། ང་།.txt
ཕ་རོལ་ཏུ་ཕྱིན་པ་ཟབ་,མོ་,འདི་ལ་བརྩོན་པར་,2266,ཤེར་ཕྱིན། ང་།.txt
ཕ་རོལ་ཏུ་ཕྱིན་པ་ཟབ་,མོ་,འདི་ལ་དེ་མི་,2266,ཤེར་ཕྱིན། ང་།.txt
པའི་རིགས་ཀྱི་བུའམརིགས་ཀྱི་བུ་,མོ་,གང་གིས་སངས་རྒྱས་,2267,ཤེར་ཕྱིན། ང་།.txt
ཕ་རོལ་ཏུ་ཕྱིན་པ་ཟབ་,མོ་,འདི་སྟོན་པར་འགྱུར་,2267,ཤེར་ཕྱིན། ང་།.txt
ཕ་རོལ་ཏུ་ཕྱིན་པ་ཟབ་,མོ་,འདི་ཉིད་སྟོན་པར་,2268,ཤེར་ཕྱིན། ང་།.txt
རིགས་ཀྱི་བུའམ་རིགས་ཀྱི་བུ་,མོ་,དེ་དག་ནི་སྔོན་,2269,ཤེར་ཕྱིན། ང་།.txt
ཕ་རོལ་ཏུ་ཕྱིན་པ་ཟབ་,མོ་,འདི་བསྟན་པའི་ཚེ་,2269,ཤེར་ཕྱིན། ང་།.txt
ཕ་རོལ་ཏུ་ཕྱིན་པ་ཟབ་,མོ་,འདི་བཤད་པའི་ཚེ་,2286,ཤེར་ཕྱིན། ང་།.txt
ཕ་རོལ་ཏུ་ཕྱིན་པ་ཟབ་,མོ་,འདི་མི་ཤེས་མི་,2291,ཤེར་ཕྱིན། ང་།.txt
པར་འགྱུར་བ་དང༌ཆོས་ཟབ་,མོ་,རྣམས་ལ་མོས་པ་,2321,ཤེར་ཕྱིན། ང་།.txt
ཕ་རོལ་ཏུ་ཕྱིན་པ་ཟབ་,མོ་,འདི་ཕྱིར་སྤང་བར་,2321,ཤེར་ཕྱིན། ང་།.txt
ཕ་རོལ་ཏུ་ཕྱིན་པ་ཟབ་,མོ་,འདི་ནི་བརྩོན་འགྲུས་,2322,ཤེར་ཕྱིན། ང་།.txt
པའི་རིགས་ཀྱི་བུའམརིགས་ཀྱི་བུ་,མོ་,ཐབས་མི་མཁས་པས་,2514,ཤེར་ཕྱིན། ང་།.txt
ན་རིགས་ཀྱི་བུའམརིགས་ཀྱི་བུ་,མོ་,དེས་ཆགས་པའི་མཐའ་,2611,ཤེར་ཕྱིན། ང་།.txt
ལྟར་རིགས་ཀྱི་བུའམརིགས་ཀྱི་བུ་,མོ་,གང་བླ་ན་མེད་,2616,ཤེར་ཕྱིན། ང་།.txt
བྱ་བ་ནི་ཆགས་པ་ཕྲ་,མོ་,ཡིན་ནོ་,2620,ཤེར་ཕྱིན། ང་།.txt
ཞེས་བྱ་བ་ནི་ཆོས་ཟབ་,མོ་,ཉིད་ཡིན་ནོ་,2625,ཤེར་ཕྱིན། ང་།.txt
ཕ་རོལ་ཏུ་ཕྱིན་པ་ཟབ་,མོ་,འདི་བསྟན་ཀྱང་ཡོངས་,2695,ཤེར་ཕྱིན། ང་།.txt
ཕ་རོལ་ཏུ་ཕྱིན་པ་ཟབ་,མོ་,འདི་ལ་བསླབ་པར་,2749,ཤེར་ཕྱིན། ང་།.txt
ཏེ་རིགས་ཀྱི་བུའམརིགས་ཀྱི་བུ་,མོ་,ཇི་སྐད་བསྟན་པའི་,2752,ཤེར་ཕྱིན། ང་།.txt
རིགས་ཀྱི་བུའམརིགས་ཀྱི་བུ་,མོ་,དེ་ནི་མི་བདེ་,2814,ཤེར་ཕྱིན། ང་།.txt
བའི་རིགས་ཀྱི་བུའམརིགས་ཀྱི་བུ་,མོ་,དེས་ཤེས་རབ་ཀྱི་,2817,ཤེར་ཕྱིན། ང་།.txt
རིགས་ཀྱི་བུའམརིགས་ཀྱི་བུ་,མོ་,དེ་ཡང་ཤེས་རབ་,2818,ཤེར་ཕྱིན། ང་།.txt
བཞིན་ཏེརིགས་ཀྱི་བུའམརིགས་ཀྱི་བུ་,མོ་,གང་ཚེས་བརྒྱད་དམབཅུ་,2820,ཤེར་ཕྱིན། ང་།.txt
འདི་རིགས་ཀྱི་བུའམརིགས་ཀྱི་བུ་,མོ་,གང་དག་གི་རྣ་,3144,ཤེར་ཕྱིན། ང་།.txt
འདས་རིགས་ཀྱི་བུའམརིགས་ཀྱི་བུ་,མོ་,གང་འདི་ལྟར་ཤེས་,3150,ཤེར་ཕྱིན། ང་།.txt
བའི་རིགས་ཀྱི་བུའམརིགས་ཀྱི་བུ་,མོ་,དེ་དག་ནི་ཕྱིར་,3150,ཤེར་ཕྱིན། ང་།.txt
ཕ་རོལ་ཏུ་ཕྱིན་པ་ཟབ་,མོ་,འདི་ལ་མོས་པར་,3151,ཤེར་ཕྱིན། ང་།.txt
ཕ་རོལ་ཏུ་ཕྱིན་པ་ཟབ་,མོ་,འདི་ཐོས་ནས་སྤང་,3152,ཤེར་ཕྱིན། ང་།.txt
པའི་རིགས་ཀྱི་བུའམརིགས་ཀྱི་བུ་,མོ་,དེ་དག་གིས་ནི་,3152,ཤེར་ཕྱིན། ང་།.txt
ཕ་རོལ་ཏུ་ཕྱིན་པ་ཟབ་,མོ་,འདི་སྤངས་པར་གྱུར་,3152,ཤེར་ཕྱིན། ང་།.txt
ཕ་རོལ་ཏུ་ཕྱིན་པ་ཟབ་,མོ་,འདིར་དད་པ་མ་,3153,ཤེར་ཕྱིན། ང་།.txt
སྟེརིགས་ཀྱི་བུའམ་རིགས་ཀྱི་བུ་,མོ་,དེ་དག་གིས་སངས་,3153,ཤེར་ཕྱིན། ང་།.txt
ཕ་རོལ་ཏུ་ཕྱིན་པ་ཟབ་,མོ་,འདི་ཐོས་ན་དངང་,3223,ཤེར་ཕྱིན། ང་།.txt
ཕ་རོལ་ཏུ་ཕྱིན་པ་ཟབ་,མོ་,འདི་ཐོས་ནས་དངང་,3224,ཤེར་ཕྱིན། ང་།.txt
ཕ་རོལ་ཏུ་ཕྱིན་པ་ཟབ་,མོ་,འདི་བཤད་ན་ཉེས་,3226,ཤེར་ཕྱིན། ང་།.txt
ཕ་རོལ་ཏུ་ཕྱིན་པ་ཟབ་,མོ་,འདི་བཤད་ན་དངང་,3226,ཤེར་ཕྱིན། ང་།.txt
ཕ་རོལ་ཏུ་ཕྱིན་པ་ཟབ་,མོ་,འདི་ཐོས་ནས་སྤངས་,3226,ཤེར་ཕྱིན། ང་།.txt
དེས་ཚེགས་ཆེན་པོ་ཡུན་རིང་,མོ་,ཞིག་ནས་བླ་ན་,3226,ཤེར་ཕྱིན། ང་།.txt
ནི་ཚེགས་ཆེན་པོས་ཡུན་རིང་,མོ་,ཞིག་ནས་མངོན་པར་,3226,ཤེར་ཕྱིན། ང་།.txt
པའི་རིགས་ཀྱི་བུའམརིགས་ཀྱི་བུ་,མོ་,རྨི་ལམ་གྱི་ནང་,3235,ཤེར་ཕྱིན། ང་།.txt
པའི་རིགས་ཀྱི་བུའམརིགས་ཀྱི་བུ་,མོ་,དེ་ཡང་བཅོམ་ལྡན་,3235,ཤེར་ཕྱིན། ང་།.txt
འདས་རིགས་ཀྱི་བུའམརིགས་ཀྱི་བུ་,མོ་,གཉིད་མ་ལོག་པ་,3235,ཤེར་ཕྱིན། ང་།.txt
རོལ་ཏུ་ཕྱིན་པ་ཟབ་,མོ་,འདི་ཉན་པ་ཐོས་,3236,ཤེར་ཕྱིན། ང་།.txt
ཕ་རོལ་ཏུ་ཕྱིན་པ་ཟབ་,མོ་,འདི་ཐོས་ནས་འཛིན་,3237,ཤེར་ཕྱིན། ང་།.txt
འདས་རིགས་ཀྱི་བུའམརིགས་ཀྱི་བུ་,མོ་,དེ་དག་ནི་དགེ་,3238,ཤེར་ཕྱིན། ང་།.txt
འདས་རིགས་ཀྱི་བུའམརིགས་ཀྱི་བུ་,མོ་,དེ་དག་ནི་བླ་,3241,ཤེར་ཕྱིན། ང་།.txt
ཕ་རོལ་ཏུ་ཕྱིན་པ་ཟབ་,མོ་,འདིས་ལྟ་བ་དང༌,3246,ཤེར་ཕྱིན། ང་།.txt
ཕ་རོལ་ཏུ་ཕྱིན་པ་ཟབ་,མོ་,འདི་ལྟ་བ་དང༌,3260,ཤེར་ཕྱིན། ང་།.txt
ཕ་རོལ་ཏུ་ཕྱིན་པ་ཟབ་,མོ་,འདི་བལྟ་བ་དང༌,3268,ཤེར་ཕྱིན། ང་།.txt
ཀྱི་བུ་དང་རིགས་ཀྱི་བུ་,མོ་,དེ་དག་ནི་སངས་,3269,ཤེར་ཕྱིན། ང་།.txt
ཕ་རོལ་ཏུ་ཕྱིན་པ་ཟབ་,མོ་,འདི་འཐད་པར་གྱུར་,3272,ཤེར་ཕྱིན། ང་།.txt
ཕ་རོལ་ཏུ་ཕྱིན་པ་ཟབ་,མོ་,འདི་ནི་བར་ཆད་,3353,ཤེར་ཕྱིན། ང་།.txt
ཕ་རོལ་ཏུ་ཕྱིན་པ་ཟབ་,མོ་,འདི་བྲི་བར་བྱ་,3354,ཤེར་ཕྱིན། ང་།.txt
ཕ་རོལ་ཏུ་ཕྱིན་པ་ཟབ་,མོ་,འདི་བྲི་ན་ཡང་,3354,ཤེར་ཕྱིན། ང་།.txt
ཏེ་རིགས་ཀྱི་བུའམརིགས་ཀྱི་བུ་,མོ་,གང་གིས་ཤེས་རབ་,3356,ཤེར་ཕྱིན། ང་།.txt
ཕ་རོལ་ཏུ་ཕྱིན་པ་ཟབ་,མོ་,འདི་ཟླ་བ་གཅིག་,3356,ཤེར་ཕྱིན། ང་།.txt
ཕ་རོལ་ཏུ་ཕྱིན་པ་ཟབ་,མོ་,འདི་ཅི་ནས་ཀྱང་,3361,ཤེར་ཕྱིན། ང་།.txt
ཕ་རོལ་ཏུ་ཕྱིན་པ་ཟབ་,མོ་,འདི་བྲི་བ་དང༌,3362,ཤེར་ཕྱིན། ང་།.txt
ཕ་རོལ་ཏུ་ཕྱིན་པ་ཟབ་,མོ་,འདི་འདྲི་བ་དང༌,3364,ཤེར་ཕྱིན། ང་།.txt
བུ་རིགས་ཀྱི་བུའམརིགས་ཀྱི་བུ་,མོ་,ཤེས་རབ་ཀྱི་ཕ་,3367,ཤེར་ཕྱིན། ང་།.txt
རོལ་ཏུ་ཕྱིན་པ་ཟབ་,མོ་,འདི་འདྲི་བ་དང༌,3367,ཤེར་ཕྱིན། ང་།.txt
ཕ་རོལ་ཏུ་ཕྱིན་པ་ཟབ་,མོ་,འདི་འདྲིའོ་,3367,ཤེར་ཕྱིན། ང་།.txt
འདས་རིགས་ཀྱི་བུའམརིགས་ཀྱི་བུ་,མོ་,གང་སུ་ཡང་རུང་,3374,ཤེར་ཕྱིན། ང་།.txt
ཕ་རོལ་ཏུ་ཕྱིན་པ་ཟབ་,མོ་,འདི་འདྲི་བར་འགྱུརའཆང་,3374,ཤེར་ཕྱིན། ང་།.txt
དུ་རིགས་ཀྱི་བུའམརིགས་ཀྱི་བུ་,མོ་,གང་སུ་ཡང་རུང་,3375,ཤེར་ཕྱིན། ང་།.txt
བའི་རིགས་ཀྱི་བུའམརིགས་ཀྱི་བུ་,མོ་,དེ་དག་ནི་ཤར་,3376,ཤེར་ཕྱིན། ང་།.txt
འདས་རིགས་ཀྱི་བུའམརིགས་ཀྱི་བུ་,མོ་,དེ་དག་ནི་ཤའི་,3377,ཤེར་ཕྱིན། ང་།.txt
བུ་རིགས་ཀྱི་བུའམརིགས་ཀྱི་བུ་,མོ་,དེ་དག་ནི་ཤའི་,3380,ཤེར་ཕྱིན། ང་།.txt
པའི་རིགས་ཀྱི་བུའམརིགས་ཀྱི་བུ་,མོ་,དེ་དག་གིས་ཡང་,3381,ཤེར་ཕྱིན། ང་།.txt
བུ་རིགས་ཀྱི་བུའམརིགས་ཀྱི་བུ་,མོ་,གང་ཤེས་རབ་ཀྱི་,3382,ཤེར་ཕྱིན། ང་།.txt
ཕ་རོལ་ཏུ་ཕྱིན་པ་ཟབ་,མོ་,འདི་བྲིས་ཤིང་གླེགས་,3382,ཤེར་ཕྱིན། ང་།.txt
པའི་རིགས་ཀྱི་བུའམརིགས་ཀྱི་བུ་,མོ་,དེ་དག་ཡང་ཤཱ་,3382,ཤེར་ཕྱིན། ང་།.txt
ཕ་རོལ་ཏུ་ཕྱིན་པ་ཟབ་,མོ་,འདི་ལ་མོས་པ་,3382,ཤེར་ཕྱིན། ང་།.txt
ཕ་རོལ་ཏུ་ཕྱིན་པ་ཟབ་,མོ་,འདི་ལ་མེ་ཏོག་,3383,ཤེར་ཕྱིན། ང་།.txt
པའི་རིགས་ཀྱི་བུའམརིགས་ཀྱི་བུ་,མོ་,དེ་དག་ཀྱང་སངས་,3383,ཤེར་ཕྱིན། ང་།.txt
གཟིགས་ཏེརིགས་ཀྱི་བུའམརིགས་ཀྱི་བུ་,མོ་,གང་ཤེས་རབ་ཀྱི་,3383,ཤེར་ཕྱིན། ང་།.txt
ཕ་རོལ་ཏུ་ཕྱིན་པ་ཟབ་,མོ་,འདི་བྲིས་ཤིང་འཆང་,3383,ཤེར་ཕྱིན། ང་།.txt
པའི་རིགས་ཀྱི་བུའམརིགས་ཀྱི་བུ་,མོ་,དེ་དག་དགེ་བའི་,3385,ཤེར་ཕྱིན། ང་།.txt
ཕ་རོལ་ཏུ་ཕྱིན་པ་ཟབ་,མོ་,འདི་འདྲི་བར་འགྱུརའཛིན་,3392,ཤེར་ཕྱིན། ང་།.txt
ཕ་རོལ་ཏུ་ཕྱིན་པ་ཟབ་,མོ་,འདི་ལྷོ་ཕྱོགས་ཀྱི་,3393,ཤེར་ཕྱིན། ང་།.txt
ཕ་རོལ་ཏུ་ཕྱིན་པ་ཟབ་,མོ་,འདི་བར་ཏ་ནི་,3395,ཤེར་ཕྱིན། ང་།.txt
ཕ་རོལ་ཏུ་ཕྱིན་པ་ཟབ་,མོ་,འདིས་སངས་རྒྱས་ཀྱི་,3396,ཤེར་ཕྱིན། ང་།.txt
ཕ་རོལ་ཏུ་ཕྱིན་པ་ཟབ་,མོ་,འདི་འཛིན་པར་འགྱུརའཆང་,3398,ཤེར་ཕྱིན། ང་།.txt
ཕ་རོལ་ཏུ་ཕྱིན་པ་ཟབ་,མོ་,འདི་འདྲི་བར་འགྱུར་,3399,ཤེར་ཕྱིན། ང་།.txt
བའི་རིགས་ཀྱི་བུའམརིགས་ཀྱི་བུ་,མོ་,དེ་དག་ནི་དགེ་,3399,ཤེར་ཕྱིན། ང་།.txt
བུ་རིགས་ཀྱི་བུའམརིགས་ཀྱི་བུ་,མོ་,དེ་དག་ནི་དེ་,3401,ཤེར་ཕྱིན། ང་།.txt
རིགས་ཀྱི་བུའམརིགས་ཀྱི་བུ་,མོ་,དེ་དག་ནི་དེ་,3402,ཤེར་ཕྱིན། ང་།.txt
རིགས་ཀྱི་བུའམ་རིགས་ཀྱི་བུ་,མོ་,དེ་དག་ཕྱོགས་བཅུ་,3404,ཤེར་ཕྱིན། ང་།.txt
རིགས་ཀྱི་བུའམརིགས་ཀྱི་བུ་,མོ་,དེ་དག་ནི་བསྟོད་,3405,ཤེར་ཕྱིན། ང་།.txt
རིགས་ཀྱི་བུའམ་རིགས་ཀྱི་བུ་,མོ་,དེ་དག་ནི་བསྔགས་,3406,ཤེར་ཕྱིན། ང་།.txt
ཕ་རོལ་ཏུ་ཕྱིན་པ་ཟབ་,མོ་,འདི་སླད་མའི་དུས་,3407,ཤེར་ཕྱིན། ང་།.txt
ཕ་རོལ་ཏུ་ཕྱིན་པ་ཟབ་,མོ་,འདི་ཕྱི་མའི་དུས་,3409,ཤེར་ཕྱིན། ང་།.txt
ནརིགས་ཀྱི་བུའམ་རིགས་ཀྱི་བུ་,མོ་,དེ་དག་ཤེས་རབ་,3409,ཤེར་ཕྱིན། ང་།.txt
ཕ་རོལ་ཏུ་ཕྱིན་པ་ཟབ་,མོ་,འདི་ཉན་པར་འགྱུར་,3409,ཤེར་ཕྱིན། ང་།.txt
དེར་རིགས་ཀྱི་བུའམརིགས་ཀྱི་བུ་,མོ་,གང་ཤེས་རབ་ཀྱི་,3412,ཤེར་ཕྱིན། ང་།.txt
ཕ་རོལ་ཏུ་ཕྱིན་པ་ཟབ་,མོ་,འདི་ཐོས་ནས་འདྲི་,3412,ཤེར་ཕྱིན། ང་།.txt
པོའི་རིགས་ཀྱི་བུའམརིགས་ཀྱི་བུ་,མོ་,གང་ཤེས་རབ་ཀྱི་,3412,ཤེར་ཕྱིན། ང་།.txt
ཀྱི་བུ་དང་རིགས་ཀྱི་བུ་,མོ་,གང་ཡིན་པ་དེ་,3413,ཤེར་ཕྱིན། ང་།.txt
ཕ་རོལ་ཏུ་ཕྱིན་པ་ཟབ་,མོ་,འདི་བསྟན་པའི་ཚེཐོས་,3413,ཤེར་ཕྱིན། ང་།.txt
ཀྱི་བུ་དང་རིགས་ཀྱི་བུ་,མོ་,དེ་དག་གིས་དེ་,3413,ཤེར་ཕྱིན། ང་།.txt
ཀྱི་བུ་དང་རིགས་ཀྱི་བུ་,མོ་,དེ་དག་ནི་ཤེས་,3414,ཤེར་ཕྱིན། ང་།.txt
ཀྱི་བུ་དང༌རིགས་ཀྱི་བུ་,མོ་,དེ་དག་ནི་བསམ་,3415,ཤེར་ཕྱིན། ང་།.txt
ཀྱི་བུ་དང་རིགས་ཀྱི་བུ་,མོ་,དེ་དག་ནི་ནང་,3416,ཤེར་ཕྱིན། ང་།.txt
ཀྱི་བུ་དང་རིགས་ཀྱི་བུ་,མོ་,དེ་དག་ནི་ཕྱི་,3417,ཤེར་ཕྱིན། ང་།.txt
ཀྱི་བུ་དང་རིགས་ཀྱི་བུ་,མོ་,དེ་དག་ནི་དངོས་,3419,ཤེར་ཕྱིན། ང་།.txt
ཀྱི་བུ་དང་རིགས་ཀྱི་བུ་,མོ་,དེ་དག་ནི་དྲན་,3420,ཤེར་ཕྱིན། ང་།.txt
ཀྱི་བུ་དང་རིགས་ཀྱི་བུ་,མོ་,དེ་དག་ནི་ཡང་,3421,ཤེར་ཕྱིན། ང་།.txt
ཀྱི་བུ་དང་རིགས་ཀྱི་བུ་,མོ་,དེ་དག་ནི་ཚད་,3422,ཤེར་ཕྱིན། ང་།.txt
ཀྱི་བུ་དང་རིགས་ཀྱི་བུ་,མོ་,དེ་དག་ནི་འཕགས་,3423,ཤེར་ཕྱིན། ང་།.txt
ཀྱི་བུ་དང་རིགས་ཀྱི་བུ་,མོ་,དེ་དག་ནི་རྣམ་,3424,ཤེར་ཕྱིན། ང་།.txt
ཀྱི་བུ་དང་རིགས་ཀྱི་བུ་,མོ་,དེ་དག་ནི་སྟོང་,3425,ཤེར་ཕྱིན། ང་།.txt
ཀྱི་བུ་དང་རིགས་ཀྱི་བུ་,མོ་,དེ་དག་ནི་ཏིང་,3426,ཤེར་ཕྱིན། ང་།.txt
ཀྱི་བུ་དང་རིགས་ཀྱི་བུ་,མོ་,དེ་དག་ནི་སྟོབས་,3427,ཤེར་ཕྱིན། ང་།.txt
ཀྱི་བུ་དང་རིགས་ཀྱི་བུ་,མོ་,དེ་དག་ནི་དགེ་,3428,ཤེར་ཕྱིན། ང་།.txt
ཀྱི་བུ་དང་རིགས་ཀྱི་བུ་,མོ་,དེ་དག་ལ་ནི་,3429,ཤེར་ཕྱིན། ང་།.txt
ཀྱི་བུ་དང༌རིགས་ཀྱི་བུ་,མོ་,དེ་དག་ལ་རྣམ་,3430,ཤེར་ཕྱིན། ང་།.txt
ཀྱི་བུ་དང་རིགས་ཀྱི་བུ་,མོ་,དེ་དག་ནི་མཉམ་,3431,ཤེར་ཕྱིན། ང་།.txt
ཕ་རོལ་ཏུ་ཕྱིན་པ་ཟབ་,མོ་,འདི་སྤོང་བ་གཞན་,3431,ཤེར་ཕྱིན། ང་།.txt
ཀྱི་བུ་དང༌རིགས་ཀྱི་བུ་,མོ་,དེ་དག་ནི་ཤེས་,3432,ཤེར་ཕྱིན། ང་།.txt
ཕ་རོལ་ཏུ་ཕྱིན་པ་ཟབ་,མོ་,འདི་ཐོས་ནས་དགའ་,3432,ཤེར་ཕྱིན། ང་།.txt
ཀྱི་བུ་དང་རིགས་ཀྱི་བུ་,མོ་,དེ་དག་གིས་ནི་,3434,ཤེར་ཕྱིན། ང་།.txt
ཀྱི་བུ་དང༌རིགས་ཀྱི་བུ་,མོ་,དེ་དག་གི་ཚིག་,3440,ཤེར་ཕྱིན། ང་།.txt
ཀྱི་བུ་དང༌རིགས་ཀྱི་བུ་,མོ་,དེ་དག་གིས་འདི་,3441,ཤེར་ཕྱིན། ང་།.txt
ཀྱི་བུ་དང༌རིགས་ཀྱི་བུ་,མོ་,དེ་དག་བྱང་ཆུབ་,3447,ཤེར་ཕྱིན། ང་།.txt
ཀྱི་བུ་དང༌རིགས་ཀྱི་བུ་,མོ་,གཟུགས་དང༌སྒྲ་དང༌,3448,ཤེར་ཕྱིན། ང་།.txt
ཕ་རོལ་ཏུ་ཕྱིན་པ་ཟབ་,མོ་,འདི་ཐོས་ནས་སངས་,3453,ཤེར་ཕྱིན། ང་།.txt
ཀྱི་བུ་དང་རིགས་ཀྱི་བུ་,མོ་,དེ་དག་ཕ་རོལ་,3461,ཤེར་ཕྱིན། ང་།.txt
ཀྱི་བུ་དང༌རིགས་ཀྱི་བུ་,མོ་,དེ་དག་ཕལ་ཆེར་,3461,ཤེར་ཕྱིན། ང་།.txt
ཀྱི་བུ་དང༌རིགས་ཀྱི་བུ་,མོ་,དེ་དག་ཕ་རོལ་,3462,ཤེར་ཕྱིན། ང་།.txt
ཀྱི་བུ་དང༌རིགས་ཀྱི་བུ་,མོ་,དེ་དག་གིས་མདོ་,3463,ཤེར་ཕྱིན། ང་།.txt
སྡེ་ཟབ་,མོ་,ཟབ,3463,ཤེར་ཕྱིན། ང་།.txt
ཀྱི་བུ་དང༌རིགས་ཀྱི་བུ་,མོ་,གང་དག་གིས་རྙེད་,3464,ཤེར་ཕྱིན། ང་།.txt
ཀྱི་བུ་དང༌རིགས་ཀྱི་བུ་,མོ་,གང་དག་ཕ་རོལ་,3464,ཤེར་ཕྱིན། ང་།.txt
ཀྱི་བུ་དང༌རིགས་ཀྱི་བུ་,མོ་,དེ་དག་སྐྱེ་བ་,3466,ཤེར་ཕྱིན། ང་།.txt
ཀྱི་བུ་དང༌རིགས་ཀྱི་བུ་,མོ་,གང་བླ་ན་མེད་,3469,ཤེར་ཕྱིན། ང་།.txt
ཀྱི་བུ་དང༌རིགས་ཀྱི་བུ་,མོ་,དེ་དག་ལ་བར་,3469,ཤེར་ཕྱིན། ང་།.txt
ཀྱི་བུ་དང༌རིགས་ཀྱི་བུ་,མོ་,དེ་དག་རྣམ་པ་,3490,ཤེར་ཕྱིན། ང་།.txt
རོལ་ཏུ་ཕྱིན་པ་ཟབ་,མོ་,སངས་རྒྱས་ཀྱི་ཆོས་,3495,ཤེར་ཕྱིན། ང་།.txt
ཕ་རོལ་ཏུ་ཕྱིན་པ་ཟབ་,མོ་,འདི་བོར་ནས་ཁེ་,3496,ཤེར་ཕྱིན། ང་།.txt
ཀྱི་བུ་དང༌རིགས་ཀྱི་བུ་,མོ་,དེ་ཅི་མཁས་པའི་,3498,ཤེར་ཕྱིན། ང་།.txt
ཀྱི་བུ་དང༌རིགས་ཀྱི་བུ་,མོ་,གང་གིས་ཤེས་རབ་,3501,ཤེར་ཕྱིན། ང་།.txt
ཀྱི་བུ་དང་རིགས་ཀྱི་བུ་,མོ་,དེ་མཁས་པའི་རིགས་,3501,ཤེར་ཕྱིན། ང་།.txt
ཀྱི་བུ་དང༌རིགས་ཀྱི་བུ་,མོ་,ལ་ལ་ཤེས་རབ་,3504,ཤེར་ཕྱིན། ང་།.txt
ཕ་རོལ་ཏུ་ཕྱིན་པ་ཟབ་,མོ་,འདི་ཐོས་ཤིང་རྙེད་,3504,ཤེར་ཕྱིན། ང་།.txt
ཀྱི་བུ་དང༌རིགས་ཀྱི་བུ་,མོ་,དེ་མཁས་པའི་རིགས་,3504,ཤེར་ཕྱིན། ང་།.txt
པའི་རིགས་ཀྱི་བུའམརིགས་ཀྱི་བུ་,མོ་,ལ་ལས་ཤེས་རབ་,3507,ཤེར་ཕྱིན། ང་།.txt
ཀྱི་བུ་དང༌རིགས་ཀྱི་བུ་,མོ་,དེ་དག་མཁས་པའི་,3507,ཤེར་ཕྱིན། ང་།.txt
ཀྱི་བུ་དང༌རིགས་ཀྱི་བུ་,མོ་,དེ་དག་ཤེས་རབ་,3509,ཤེར་ཕྱིན། ང་།.txt
ཕ་རོལ་ཏུ་ཕྱིན་པ་ཟབ་,མོ་,འདི་འདྲི་བ་དེའི་,3509,ཤེར་ཕྱིན། ང་།.txt
ཕ་རོལ་ཏུ་ཕྱིན་པ་ཟབ་,མོ་,འདི་འདྲི་བའི་ཚེ་,3509,ཤེར་ཕྱིན། ང་།.txt
ཕ་རོལ་ཏུ་ཕྱིན་པ་ཟབ་,མོ་,འདི་ལ་མེད་ཅིང་,3519,ཤེར་ཕྱིན། ང་།.txt
རོལ་ཏུ་ཕྱིན་པ་ཟབ་,མོ་,འདི་ཐོས་ནསའདྲི་བའི་,3520,ཤེར་ཕྱིན། ང་།.txt
པའི་རིགས་ཀྱི་བུའམརིགས་ཀྱི་བུ་,མོ་,གང་ལ་ལས་ཤེས་,3533,ཤེར་ཕྱིན། ང་།.txt
ཕ་རོལ་ཏུ་ཕྱིན་པ་ཟབ་,མོ་,འདི་ཡི་གེར་བྲིས་,3533,ཤེར་ཕྱིན། ང་།.txt
ཕ་རོལ་ཏུ་ཕྱིན་པ་ཟབ་,མོ་,འདི་བདག་གིས་བྲིས་,3533,ཤེར་ཕྱིན། ང་།.txt
ཕ་རོལ་ཏུ་ཕྱིན་པ་ཟབ་,མོ་,འདི་བྲིས་པའི་ཡི་,3533,ཤེར་ཕྱིན། ང་།.txt
པའི་རིགས་ཀྱི་བུའམརིགས་ཀྱི་བུ་,མོ་,ཡི་གེ་མ་མཆིས་,3559,ཤེར་ཕྱིན། ང་།.txt
ཕ་རོལ་ཏུ་ཕྱིན་པ་ཟབ་,མོ་,འདི་འདྲི་བའི་ཚེཡུལ་,3560,ཤེར་ཕྱིན། ང་།.txt
པའི་རིགས་ཀྱི་བུའམརིགས་ཀྱི་བུ་,མོ་,དེ་དག་ཤེས་རབ་,3561,ཤེར་ཕྱིན། ང་།.txt
ཕ་རོལ་ཏུ་ཕྱིན་པ་ཟབ་,མོ་,འདི་འདྲི་བའི་ཚེགྲོང་,3561,ཤེར་ཕྱིན། ང་།.txt
མ་དང༌སྤུན་ཟླ་དང༌སྲིང་,མོ་,དང༌གཉེན་བཤེས་དང་,3561,ཤེར་ཕྱིན། ང་།.txt
རོལ་ཏུ་ཕྱིན་པ་ཟབ་,མོ་,འདི་འདྲི་བར་འགྱུར་,3562,ཤེར་ཕྱིན། ང་།.txt
ཏོ་ཅན་དག་མདོ་སྡེ་ཟབ་,མོ་,དག་ཉེ་བར་བསྙེན་,3563,ཤེར་ཕྱིན། ང་།.txt
ཀྱིས་བསྙེན་པའི་མདོ་སྡེ་ཟབ་,མོ་,དེ་དག་ལ་འདོད་,3563,ཤེར་ཕྱིན། ང་།.txt
ཕ་རོལ་ཏུ་ཕྱིན་པ་ཟབ་,མོ་,འདི་ལས་ཀྱང་ཐབས་,3565,ཤེར་ཕྱིན། ང་།.txt
རོལ་ཏུ་ཕྱིན་པ་ཟབ་,མོ་,འདི་བོར་ཞིང་ཉན་,3566,ཤེར་ཕྱིན། ང་།.txt
ཕ་རོལ་ཏུ་ཕྱིན་པ་ཟབ་,མོ་,འདི་འདྲི་བར་འདོད་,3569,ཤེར་ཕྱིན། ང་།.txt
ཕ་རོལ་ཏུ་ཕྱིན་པ་ཟབ་,མོ་,འདི་འདྲི་བར་འདོདལུང་,3574,ཤེར་ཕྱིན། ང་།.txt
ཕ་རོལ་ཏུ་ཕྱིན་པ་ཟབ་,མོ་,འདི་འདྲི་བར་མི་,3574,ཤེར་ཕྱིན། ང་།.txt
ཕ་རོལ་ཏུ་ཕྱིན་པ་ཟབ་,མོ་,འདི་བྲི་བར་འདོད་,3575,ཤེར་ཕྱིན། ང་།.txt
ཕ་རོལ་ཏུ་ཕྱིན་པ་ཟབ་,མོ་,འདི་བྲི་བར་མི་,3575,ཤེར་ཕྱིན། ང་།.txt
ཕ་རོལ་ཏུ་ཕྱིན་པ་ཟབ་,མོ་,འདི་འདྲི་བ་དངལུང་,3588,ཤེར་ཕྱིན། ང་།.txt
ཕ་རོལ་ཏུ་ཕྱིན་པ་ཟབ་,མོ་,འདི་ཉན་པར་འདོད་,3613,ཤེར་ཕྱིན། ང་།.txt
ཕ་རོལ་ཏུ་ཕྱིན་པ་ཟབ་,མོ་,འདི་ཉིད་ཉན་བར་,3613,ཤེར་ཕྱིན། ང་།.txt
ཕ་རོལ་ཏུ་ཕྱིན་པ་ཟབ་,མོ་,འདི་འཆང་བར་མི་,3613,ཤེར་ཕྱིན། ང་།.txt
ཕ་རོལ་ཏུ་ཕྱིན་པ་ཟབ་,མོ་,འདི་སུ་ཡང་འདྲི་,3615,ཤེར་ཕྱིན། ང་།.txt
ཕ་རོལ་ཏུ་ཕྱིན་པ་ཟབ་,མོ་,འདི་ལ་སྤྱོད་པ་,3619,ཤེར་ཕྱིན། ང་།.txt
དག་རིགས་ཀྱི་བུའམརིགས་ཀྱི་བུ་,མོ་,དེ་དག་གི་མདུན་,3628,ཤེར་ཕྱིན། ང་།.txt
ཕ་རོལ་ཏུ་ཕྱིན་པ་ཟབ་,མོ་,འདི་ལ་གཟུགས་མེད་,3632,ཤེར་ཕྱིན། ང་།.txt
ཕ་རོལ་ཏུ་ཕྱིན་པ་ཟབ་,མོ་,འདི་འཛིན་པ་དང༌,3639,ཤེར་ཕྱིན། ང་།.txt
དུ་རིགས་ཀྱི་བུའམརིགས་ཀྱི་བུ་,མོ་,དེ་ཤེས་རབ་ཀྱི་,3641,ཤེར་ཕྱིན། ང་།.txt
ཕ་རོལ་ཏུ་ཕྱིན་པ་ཟབ་,མོ་,འདི་འདྲི་བ་ན་,3647,ཤེར་ཕྱིན། ང་།.txt
བཞིན་ཏེརིགས་ཀྱི་བུའམརིགས་ཀྱི་བུ་,མོ་,གང་ཤེས་རབ་ཀྱི་,3649,ཤེར་ཕྱིན། ང་།.txt
ཀྱི་བུ་དང༌རིགས་ཀྱི་བུ་,མོ་,དག་གང་ཤེས་རབ་,3651,ཤེར་ཕྱིན། ང་།.txt
ཕ་རོལ་ཏུ་ཕྱིན་པ་ཟབ་,མོ་,འདི་ལ་སངས་རྒྱས་,3656,ཤེར་ཕྱིན། ང་།.txt
ཕ་རོལ་ཏུ་ཕྱིན་པ་ཟབ་,མོ་,འདི་ནི་དེ་བཞིན་,3660,ཤེར་ཕྱིན། ང་།.txt
ཕ་རོལ་ཏུ་ཕྱིན་པ་ཟབ་,མོ་,འདི་ནི་སངས་རྒྱས་,3662,ཤེར་ཕྱིན། ང་།.txt
ཕ་རོལ་ཏུ་ཕྱིན་པ་ཟབ་,མོ་,འདི་ལ་བརྟེན་ཏེབླ་,3678,ཤེར་ཕྱིན། ང་།.txt
པའི་རིགས་ཀྱི་བུའམརིགས་ཀྱི་བུ་,མོ་,གང་ཤེས་རབ་ཀྱི་,3681,ཤེར་ཕྱིན། ང་།.txt
པའི་རིགས་ཀྱི་བུའམརིགས་ཀྱི་བུ་,མོ་,དེ་དག་ལ་ནི་,3682,ཤེར་ཕྱིན། ང་།.txt
ཕ་རོལ་ཏུ་ཕྱིན་པ་ཟབ་,མོ་,འདིས་དེ་བཞིན་གཤེགས་,3684,ཤེར་ཕྱིན། ང་།.txt
ཕ་རོལ་ཏུ་ཕྱིན་པ་ཟབ་,མོ་,འདི་ལ་ནི་སེམས་,3695,ཤེར་ཕྱིན། ང་།.txt
ཕ་རོལ་ཏུ་ཕྱིན་པ་ཟབ་,མོ་,འདི་ནི་གཟུགས་ཀྱི་,3731,ཤེར་ཕྱིན། ང་།.txt
ཕ་རོལ་ཏུ་ཕྱིན་པ་ཟབ་,མོ་,འདི་ཉིད་ལ་མེད་,3733,ཤེར་ཕྱིན། ང་།.txt
ཕ་རོལ་ཏུ་ཕྱིན་པ་ཟབ་,མོ་,འདི་ལ་བརྟེན་ཏེསེམས་,3757,ཤེར་ཕྱིན། ང་།.txt
ཕ་རོལ་ཏུ་ཕྱིན་པ་ཟབ་,མོ་,འདི་བཤད་ནབཅོམ་ལྡན་,3846,ཤེར་ཕྱིན། ང་།.txt
ཕ་རོལ་ཏུ་ཕྱིན་པ་ཟབ་,མོ་,འདིའི་མཚན་ཉིད་ནི་,3846,ཤེར་ཕྱིན། ང་།.txt
ཕ་རོལ་ཏུ་ཕྱིན་པ་ཟབ་,མོ་,འདིའི་མཚན་ཉིད་དེ་,3862,ཤེར་ཕྱིན། ང་།.txt
པབཅོམ་ལྡན་འདས་མཚན་ཉིད་ཟབ་,མོ་,འདི་དེ་བཞིན་གཤེགས་,3892,ཤེར་ཕྱིན། ང་།.txt
ཕ་རོལ་ཏུ་ཕྱིན་པ་ཟབ་,མོ་,འདི་ཡང་དེ་བཞིན་,3998,ཤེར་ཕྱིན། ང་།.txt
ཕ་རོལ་ཏུ་ཕྱིན་པ་ཟབ་,མོ་,འདི་ནི་ཕ་རོལ་,4060,ཤེར་ཕྱིན། ང་།.txt
ཕ་རོལ་ཏུ་ཕྱིན་པ་ཟབ་,མོ་,འདི་ནི་བསམ་གཏན་,4064,ཤེར་ཕྱིན། ང་།.txt
ཕ་རོལ་ཏུ་ཕྱིན་པ་ཟབ་,མོ་,འདི་ལ་གདུགས་གཅིག་,4092,ཤེར་ཕྱིན། ང་།.txt
དག་རིགས་ཀྱི་བུའམརིགས་ཀྱི་བུ་,མོ་,གང་ལ་ལས་ཤེས་,4096,ཤེར་ཕྱིན། ང་།.txt
ཕ་རོལ་ཏུ་ཕྱིན་པ་ཟབ་,མོ་,འདི་ཉན་ཅིང་ཐོས་,4096,ཤེར་ཕྱིན། ང་།.txt
པའི་རིགས་ཀྱི་བུའམརིགས་ཀྱི་བུ་,མོ་,དེ་དག་ནི་ཤིན་,4096,ཤེར་ཕྱིན། ང་།.txt
ཕ་རོལ་ཏུ་ཕྱིན་པ་ཟབ་,མོ་,འདི་ལས་ཕུལ་དུ་,4097,ཤེར་ཕྱིན། ང་།.txt
ཕ་རོལ་ཏུ་ཕྱིན་པ་ཟབ་,མོ་,གང་ལ་བསླབས་ཤིང་,4103,ཤེར་ཕྱིན། ང་།.txt
ཕ་རོལ་ཏུ་ཕྱིན་པ་ཟབ་,མོ་,འདི་འགྲིབ་པའམའཕེལ་བར་,4103,ཤེར་ཕྱིན། ང་།.txt
ཕ་རོལ་ཏུ་ཕྱིན་པ་ཟབ་,མོ་,འདི་ཐོས་མ་ཐག་,4107,ཤེར་ཕྱིན། ང་།.txt
ཕ་རོལ་ཏུ་ཕྱིན་པ་ཟབ་,མོ་,འདི་ཐོས་ནས་ཐོས་,4107,ཤེར་ཕྱིན། ང་།.txt
ཕ་རོལ་ཏུ་ཕྱིན་པ་ཟབ་,མོ་,འདི་ཉན་པར་མངོན་,4107,ཤེར་ཕྱིན། ང་།.txt
ཕ་རོལ་ཏུ་ཕྱིན་པ་ཟབ་,མོ་,འདི་ཐོས་ནས་ཀྱང་,4107,ཤེར་ཕྱིན། ང་།.txt
ཕ་རོལ་ཏུ་ཕྱིན་པ་ཟབ་,མོ་,འདིའི་དོན་དུ་ཇི་,4107,ཤེར་ཕྱིན། ང་།.txt
ཕ་རོལ་ཏུ་ཕྱིན་པ་ཟབ་,མོ་,འདི་ནི་ཁོང་དུ་,4107,ཤེར་ཕྱིན། ང་།.txt
ཕ་རོལ་ཏུ་ཕྱིན་པ་ཟབ་,མོ་,འདི་ཐོས་སོ་,4111,ཤེར་ཕྱིན། ང་།.txt
ཕ་རོལ་ཏུ་ཕྱིན་པ་ཟབ་,མོ་,འདི་ཡོངས་སུ་དྲིས་,4119,ཤེར་ཕྱིན། ང་།.txt
ཕ་རོལ་ཏུ་ཕྱིན་པ་ཟབ་,མོ་,འདི་མ་ཐོས་ལཐོས་,4120,ཤེར་ཕྱིན། ང་།.txt
ཕ་རོལ་ཏུ་ཕྱིན་པ་ཟབ་,མོ་,འདི་བསྟན་པའི་ཚེནེམ་,4126,ཤེར་ཕྱིན། ང་།.txt
ཕ་རོལ་ཏུ་ཕྱིན་པ་ཟབ་,མོ་,འདི་ཉི་མ་གཅིག་,4127,ཤེར་ཕྱིན། ང་།.txt
ཕ་རོལ་ཏུ་ཕྱིན་པ་ཟབ་,མོ་,འདི་འཕྲོག་པར་འགྱུརཤེས་,4127,ཤེར་ཕྱིན། ང་།.txt
ཕ་རོལ་ཏུ་ཕྱིན་པ་ཟབ་,མོ་,འདི་མ་ཐོསཡོངས་སུ་,4128,ཤེར་ཕྱིན། ང་།.txt
ཕ་རོལ་ཏུ་ཕྱིན་པ་ཟབ་,མོ་,ལ་བར་བར་མོས་,4128,ཤེར་ཕྱིན། ང་།.txt
ཕ་རོལ་ཏུ་ཕྱིན་པ་ཟབ་,མོ་,འདིའི་ལུང་མ་མནོསཁ་,4130,ཤེར་ཕྱིན། ང་།.txt
ཕ་རོལ་ཏུ་ཕྱིན་པ་ཟབ་,མོ་,འདི་བྲི་བའམཀློག་པའམལུང་,4138,ཤེར་ཕྱིན། ང་།.txt
རོལ་ཏུ་ཕྱིན་པ་ཟབ་,མོ་,འདི་འདྲི་བར་མི་,4139,ཤེར་ཕྱིན། ང་།.txt
ཕ་རོལ་ཏུ་ཕྱིན་པ་ཟབ་,མོ་,འདིས་གཞན་ལ་ཕན་,4139,ཤེར་ཕྱིན། ང་།.txt
ཕ་རོལ་ཏུ་ཕྱིན་པ་ཟབ་,མོ་,འདི་དང་མཐུན་པར་,4139,ཤེར་ཕྱིན། ང་།.txt
ལྟར་རིགས་ཀྱི་བུའམརིགས་ཀྱི་བུ་,མོ་,དེ་དག་གིས་སྔོན་,4140,ཤེར་ཕྱིན། ང་།.txt
ཕ་རོལ་ཏུ་ཕྱིན་པ་ཟབ་,མོ་,འདི་མ་བྲིསམ་བསྟནཁ་,4140,ཤེར་ཕྱིན། ང་།.txt
ཕ་རོལ་ཏུ་ཕྱིན་པ་ཟབ་,མོ་,འདི་དང་ཡང་མཐུན་,4140,ཤེར་ཕྱིན། ང་།.txt
ཕྱིར་རིགས་ཀྱི་བུའམརིགས་ཀྱི་བུ་,མོ་,དེ་རྣམས་ཀྱིས་ས་,4140,ཤེར་ཕྱིན། ང་།.txt
རིགས་ཀྱི་བུའམ་རིགས་ཀྱི་བུ་,མོ་,དད་པ་ཙམ་དང་,4143,ཤེར་ཕྱིན། ང་།.txt
པའི་རིགས་ཀྱི་བུའམརིགས་ཀྱི་བུ་,མོ་,དེ་དག་ནི་བར་,4143,ཤེར་ཕྱིན། ང་།.txt
འབྱོར་རིགས་ཀྱི་བུའམརིགས་ཀྱི་བུ་,མོ་,གང་བླ་ན་མེད་,4145,ཤེར་ཕྱིན། ང་།.txt
པའི་རིགས་ཀྱི་བུའམརིགས་ཀྱི་བུ་,མོ་,བླ་ན་མེད་པ་,4148,ཤེར་ཕྱིན། ང་།.txt
པའི་རིགས་ཀྱི་བུའམརིགས་ཀྱི་བུ་,མོ་,དེ་དག་གི་བར་,4149,ཤེར་ཕྱིན། ང་།.txt
ཀྱི་བུ་དང༌རིགས་ཀྱི་བུ་,མོ་,དེ་ཤེས་རབ་ཀྱི་,4166,ཤེར་ཕྱིན། ང་།.txt
པའི་རིགས་ཀྱི་བུའམརིགས་ཀྱི་བུ་,མོ་,གང་ཐོག་མར་ཐབས་,4191,ཤེར་ཕྱིན། ང་།.txt
ཕ་རོལ་ཏུ་ཕྱིན་པ་ཟབ་,མོ་,འདི་ལ་སུ་ཞིག་,4505,ཤེར་ཕྱིན། ང་།.txt
ཕ་རོལ་ཏུ་ཕྱིན་པ་ཟབ་,མོ་,འདི་འཚལ་བར་འགྱུར་,4506,ཤེར་ཕྱིན། ང་།.txt
ཕ་རོལ་ཏུ་ཕྱིན་པ་ཟབ་,མོ་,འདི་ཡོངས་སུ་འཚལ་,4514,ཤེར་ཕྱིན། ང་།.txt
ཕ་རོལ་ཏུ་ཕྱིན་པ་ཟབ་,མོ་,འདི་ཡོངས་སུ་ཤེས་,4514,ཤེར་ཕྱིན། ང་།.txt
ཕ་རོལ་ཏུ་ཕྱིན་པ་ཟབ་,མོ་,འདི་ལ་གང་བསྒོམ་,4532,ཤེར་ཕྱིན། ང་།.txt
ཕ་རོལ་ཏུ་ཕྱིན་པ་ཟབ་,མོ་,འདི་ཕྱིར་མི་ལྡོག་,4599,ཤེར་ཕྱིན། ང་།.txt
ཕ་རོལ་ཏུ་ཕྱིན་པ་ཟབ་,མོ་,འདི་ལ་མངོན་པར་,4599,ཤེར་ཕྱིན། ང་།.txt
ཕ་རོལ་ཏུ་ཕྱིན་པ་ཟབ་,མོ་,འདི་ལ་སྤྱོད་པའི་,4602,ཤེར་ཕྱིན། ང་།.txt
ཕ་རོལ་ཏུ་ཕྱིན་པ་ཟབ་,མོ་,འདི་འཆད་པའི་ཚེམི་,4604,ཤེར་ཕྱིན། ང་།.txt
ཕ་རོལ་ཏུ་ཕྱིན་པ་ཟབ་,མོ་,འདི་ཐོས་ལཐོས་ནས་,4604,ཤེར་ཕྱིན། ང་།.txt
ཕ་རོལ་ཏུ་ཕྱིན་པ་ཟབ་,མོ་,འདི་བསྟན་པའི་ཚེམི་,4607,ཤེར་ཕྱིན། ང་།.txt
ཕ་རོལ་ཏུ་ཕྱིན་པ་ཟབ་,མོ་,འདི་ལ་ཇི་ལྟར་,4608,ཤེར་ཕྱིན། ང་།.txt
ཕ་རོལ་ཏུ་ཕྱིན་པ་ཟབ་,མོ་,འདི་ལ་བརྟག་པར་,4608,ཤེར་ཕྱིན། ང་།.txt
ཕ་རོལ་ཏུ་ཕྱིན་པ་ཟབ་,མོ་,འདི་ལ་རྟོག་པ་,4609,ཤེར་ཕྱིན། ང་།.txt
ཕ་རོལ་ཏུ་ཕྱིན་པ་ཟབ་,མོ་,འདི་ལ་རྟོག་པར་,4610,ཤེར་ཕྱིན། ང་།.txt
པའི་རིགས་ཀྱི་བུའམརིགས་ཀྱི་བུ་,མོ་,དེ་དག་གིས་བླ་,4882,ཤེར་ཕྱིན། ང་།.txt
དཔའ་ཆེན་པོ་ནི་ཆོས་ཟབ་,མོ་,ལ་དོགས་པ་དང༌,5048,ཤེར་ཕྱིན། ང་།.txt
སེམས་དཔའ་ཆེན་པོ་ཆོས་ཟབ་,མོ་,ལ་ནེམ་ནུར་མ་,5049,ཤེར་ཕྱིན། ང་།.txt
ཀྱི་བུ་དང་རིགས་ཀྱི་བུ་,མོ་,དེས་ཚིག་དེ་དག་,5122,ཤེར་ཕྱིན། ང་།.txt
བུ་བཙའ་བར་འགྱུར་རོ་ཞེའམབུ་,མོ་,བཙའ་བར་འགྱུར་རོ་,5179,ཤེར་ཕྱིན། ང་།.txt
རྫོགས་པར་བགྱིད་པའི་གནས་ཟབ་,མོ་,ཟབ,5261,ཤེར་ཕྱིན། ང་།.txt
བཞིན་གཤེགས་པ་ལ་གནས་ཟབ་,མོ་,ཟབ,5262,ཤེར་ཕྱིན། ང་།.txt
རབ་འབྱོར་ཟབ་,མོ་,ཟབ,5264,ཤེར་ཕྱིན། ང་།.txt
རབ་འབྱོར་གནས་ཟབ་,མོ་,ཟབ,5266,ཤེར་ཕྱིན། ང་།.txt
གསོལ་པབཅོམ་ལྡན་འདས་ཅི་ཟབ་,མོ་,ཞེས་བགྱི་བ་འདི་,5267,ཤེར་ཕྱིན། ང་།.txt
ཀྱིས་བཀའ་སྩལ་པརབ་འབྱོར་ཟབ་,མོ་,ཞེས་བྱ་བ་ནི་,5267,ཤེར་ཕྱིན། ང་།.txt
པ་དང་ལྡན་པའི་གནས་ཟབ་,མོ་,ཟབ,5314,ཤེར་ཕྱིན། ང་།.txt
ཕ་རོལ་ཏུ་ཕྱིན་པ་ཟབ་,མོ་,འདི་ཇི་སྐད་དུ་,5326,ཤེར་ཕྱིན། ང་།.txt
ཕ་རོལ་ཏུ་ཕྱིན་པ་ཟབ་,མོ་,ཇི་སྐད་དུ་བསྟན་,5330,ཤེར་ཕྱིན། ང་།.txt
མི་བྱཕ་ལ་ཡང་མ་ཡིནསྲིང་,མོ་,ལ་ཡང་མ་ཡིནཉེ་,163,ཤེར་ཕྱིན། ཁ།.txt
བདག་ལ་རྒྱལ་པོ་ཆེ་གེ་,མོ་,ཞེས་བྱ་བའམདམ་པར་,167,ཤེར་ཕྱིན། ཁ།.txt
ནི་མང་པོ་ཡོད་དེའདིར་རྩེ་,མོ་,ཐོབ་པ་རྣམས་ཀྱི་,291,ཤེར་ཕྱིན། ཁ།.txt
རྩེ་,མོ་,ལ་སོགས་པ་ལ་,509,ཤེར་ཕྱིན། ཁ།.txt
པ་ཡིན་ལདྲོད་ལས་ནི་རྩེ་,མོ་,ཡིན་ཞིང་དེ་དག་,510,ཤེར་ཕྱིན། ཁ།.txt
དྲོ་བར་གྱུར་པ་ལས་རྩེ་,མོ་,རྣམས་སྐྱེ་སྟེགཡོ་བའི་,512,ཤེར་ཕྱིན། ཁ།.txt
དགེ་བ་རྣམས་ཀྱི་རྩེ་,མོ་,ཡིན་པའི་ཕྱིར་རྩེ་,512,ཤེར་ཕྱིན། ཁ།.txt
རྩེ་,མོ་,རྣམས་ཇི་ལྟ་བ་,514,ཤེར་ཕྱིན། ཁ།.txt
ཡོད་པ་མ་ཡིན་ཏེདཔེར་ན་,མོ་,གཤམ་གྱི་བུ་བཞིན་,954,ཤེར་ཕྱིན། ཁ།.txt
དེ་ལ་ཡེ་ཤེས་ཟབ་,མོ་,འདི་ཡིན་ཏེདེ་སྐད་,1556,ཤེར་ཕྱིན། ཁ།.txt
པར་རྟོགས་པ་དང༌རྐྱེན་ཟབ་,མོ་,ཁོང་དུ་ཆུད་པས་,1558,ཤེར་ཕྱིན། ཁ།.txt
ཕ་རོལ་ཏུ་ཕྱིན་པ་ཟབ་,མོ་,འདི་ལ་བརྩོན་པར་,1854,ཤེར་ཕྱིན། ཁ།.txt
གྱིས་བརླབས་པ་དང༌ཆོས་ཟབ་,མོ་,ལ་མ་མོས་པ་,1857,ཤེར་ཕྱིན། ཁ།.txt
བྱེད་པ་ནི་ཆགས་པ་ཕྲ་,མོ་,ཞེས་བསྟན་ཏོ་,1913,ཤེར་ཕྱིན། ཁ།.txt
རོལ་ཏུ་ཕྱིན་པ་འདི་ཟབ་,མོ་,ཡིན་ཞེ་ནགང་གི་,1920,ཤེར་ཕྱིན། ཁ།.txt
དཔའ་རིགས་ཀྱི་བུའམརིགས་ཀྱི་བུ་,མོ་,ལ་ཡང་དག་པར་,1964,ཤེར་ཕྱིན། ཁ།.txt
ཕ་རོལ་ཏུ་ཕྱིན་པ་ཟབ་,མོ་,འདི་ཉིད་ལྷག་ཆད་,1972,ཤེར་ཕྱིན། ཁ།.txt
ཕ་རོལ་ཏུ་ཕྱིན་པ་ཟབ་,མོ་,དེ་སྤོང་བའི་རྒྱུ་,2325,ཤེར་ཕྱིན། ཁ།.txt
གཞན་བསྟན་པ་ནི་གང་ཟབ་,མོ་,མངོན་པར་བྱང་ཆུབ་,2363,ཤེར་ཕྱིན། ཁ།.txt
ཞིང་སྤྲོ་བར་འགྱུར་ཏེཆེ་གེ་,མོ་,ལ་བདུད་ཀྱིས་བར་,2407,ཤེར་ཕྱིན། ཁ།.txt
ཀྱི་བུ་དང༌རིགས་ཀྱི་བུ་,མོ་,དེ་རྣམས་ལ་རྣམ་,2417,ཤེར་ཕྱིན། ཁ།.txt
ཕ་རོལ་ཏུ་ཕྱིན་པ་ཟབ་,མོ་,འདི་ལ་མེད་ཅིང་,2450,ཤེར་ཕྱིན། ཁ།.txt
ཕ་རོལ་ཏུ་ཕྱིན་པ་ཟབ་,མོ་,བསྒོམ་པ་ནི་རྣམ་,2664,ཤེར་ཕྱིན། ཁ།.txt
ཕ་རོལ་ཏུ་ཕྱིན་པ་ཟབ་,མོ་,འདི་ལ་ཕྱིར་མི་,2665,ཤེར་ཕྱིན། ཁ།.txt
ཕ་རོལ་ཏུ་ཕྱིན་པ་ཟབ་,མོ་,འདི་ལ་ཡོངས་སུ་,2666,ཤེར་ཕྱིན། ཁ།.txt
ཕ་དང༌སྤུན་ཟླ་དང༌སྲིང་,མོ་,དང༌གྲོགས་པོ་དང༌,2759,ཤེར་ཕྱིན། ཁ།.txt
མ་དང༌སྤུན་ཟླ་དང༌སྲིང་,མོ་,ལ་སོགས་པའི་སེམས་,2782,ཤེར་ཕྱིན། ཁ།.txt
ཅད་མི་མཐོང་བས་ཆོས་ཟབ་,མོ་,ལ་ནེེམ་ནུར་དང༌,2827,ཤེར་ཕྱིན། ཁ།.txt
དྲོད་དང་རྩེ་,མོ་,བཟོད་དང་བཅས་,2863,ཤེར་ཕྱིན། ཁ།.txt
ནིགང་བཅོམ་ལྡན་འདས་གནས་ཟབ་,མོ་,ལེགས་པར་བསྟན་དུ་,3024,ཤེར་ཕྱིན། ཁ།.txt
ལམ་ཟབ་པ་ཡིན་ཞེ་ནཟབ་,མོ་,སྟོང་པ་ཉིད་ལ་,3027,ཤེར་ཕྱིན། ཁ།.txt
ཉིད་ལ་སོགས་པ་ལ་ཟབ་,མོ་,ཞེས་བྱ་ཞེ་ནཟབ་,3029,ཤེར་ཕྱིན། ཁ།.txt
གང༌གང་གི་ཚེ་གནས་ཟབ་,མོ་,འདི་དག་དང་ལྡན་,3038,ཤེར་ཕྱིན། ཁ།.txt
རྣམ་པ་བརྒྱད་ཡིན་ཞེ་ནཟབ་,མོ་,རྣམ་པ་བརྒྱད་དོ་,3095,ཤེར་ཕྱིན། ཁ།.txt
མི་རྟོག་པའི་ཡེ་ཤེས་ལཉིན་,མོ་,བསྒོམས་པས་རྣམ་པར་,3123,ཤེར་ཕྱིན། ཁ།.txt
པ་ཞེས་བྱ་བ་ནི་ཉིན་,མོ་,དང༌མཚན,3130,ཤེར་ཕྱིན། ཁ།.txt
པར་སྤྱོད་པའི་ཕྱིརཤེས་རབ་ཟབ་,མོ་,དང་ལྡན་པ་ཉིད་,3141,ཤེར་ཕྱིན། ཁ།.txt
དང་མི་ལྡན་པ་དང༌ཉིན་,མོ་,དང༌མཚན,3167,ཤེར་ཕྱིན། ཁ།.txt
སྲིང་,མོ་,གང་གཱའི་ལྷ་མོས་,3168,ཤེར་ཕྱིན། ཁ།.txt
མི་བྱེད་ན་དེ་ནི་རྩེ་,མོ་,ལས་ཕྱིར་མི་ལྡོག་,3228,ཤེར་ཕྱིན། ཁ།.txt
འབྱོར་གྱི་ཆོས་བསྒོམས་པས་རྩེ་,མོ་,ཐོབ་པ་ནི་རྨི་,3229,ཤེར་ཕྱིན། ཁ།.txt
ལ་རིགས་ཀྱི་བུའམརིགས་ཀྱི་བུ་,མོ་,འགའ་ཞིག་གིས་ཇི་,3251,ཤེར་ཕྱིན། ཁ།.txt
ཡོད་པ་དེ་དག་སྐྲའི་རྩེ་,མོ་,བརྒྱར་གཤགས་པའི་ཆ་,3293,ཤེར་ཕྱིན། ཁ།.txt
བུ་ཡོད་དེདགེ་སློང་དག་མཚན་,མོ་,འདས་ནས་ནང་པར་,3311,ཤེར་ཕྱིན། ཁ།.txt
ལྟར་སྤྱོད་པ་ནི་དོན་ཟབ་,མོ་,ལ་སྤྱོད་པའོ་ཞེས་,3330,ཤེར་ཕྱིན། ཁ།.txt
པ་ནི་གང་ཆུ་ཀླུང་ཕྲ་,མོ་,དང༌ཆུ་ཀླུང་ཆེན་,3357,ཤེར་ཕྱིན། ཁ།.txt
ཕ་རོལ་ཏུ་ཕྱིན་པ་ཟབ་,མོ་,འདི་སེ་གོལ་གཏོགས་,3531,ཤེར་ཕྱིན། ཁ།.txt
རིགས་ཀྱི་བུའམརིགས་ཀྱི་བུ་,མོ་,ཞེས་བྱ་བ་ནི་,3588,ཤེར་ཕྱིན། ཁ།.txt
བུ་དང་བུ་,མོ་,ཞེས་སྨོས་པ་ནི་,3590,ཤེར་ཕྱིན། ཁ།.txt
འདུ་ཤེས་ནི་མེད་ལ་ཕྲ་,མོ་,ནི་ཡོད་པས་ནའདུ་,3891,ཤེར་ཕྱིན། ཁ།.txt
མེ་འབར་བའི་དུ་བའི་རྩེ་,མོ་,ལ་སོགས་པ་ལས་,3909,ཤེར་ཕྱིན། ཁ།.txt
ལ་སྟེང་ན་དུ་བའི་རྩེ་,མོ་,ཡོད་པ་ཡིད་ལ་,3917,ཤེར་ཕྱིན། ཁ།.txt
མ་ཐག་པའི་རླངས་པའི་རྩེ་,མོ་,བཞིན་དུ་གནས་སོ་,3930,ཤེར་ཕྱིན། ཁ།.txt
རོལ་གྱི་གཟུགས་ཁ་དོག་ཕྲ་,མོ་,སྡུག་པ་དང༌ཁ་,3956,ཤེར་ཕྱིན། ཁ།.txt
སོར་,མོ་,རིང་དང་རྟིང་ཡངས་,4087,ཤེར་ཕྱིན། ཁ།.txt
ལྟར་ཕྱག་དང་ཞབས་ཀྱི་སོར་,མོ་,དྲ་བས་འབྲེལ་པ་,4104,ཤེར་ཕྱིན། ཁ།.txt
དང༌ཕྱག་དང་ཞབས་ཀྱི་སོར་,མོ་,རིང་བས་སོར,4105,ཤེར་ཕྱིན། ཁ།.txt
སྲོག་གཅོད་པ་སྤངས་པས་སོར་,མོ་,རིང་བ་དང༌རྟིང་,4127,ཤེར་ཕྱིན། ཁ།.txt
རིང་བ་ནི་སླང་,མོ་,བའི་སྐྱེ་བོ་ཕྱིར་,4133,ཤེར་ཕྱིན། ཁ།.txt
མ་དང༌ཕུ་ནུ་དང༌སྲིང་,མོ་,ལ་སོགས་པ་བླ་,4138,ཤེར་ཕྱིན། ཁ།.txt
ཅད་ལས་དབེེན་པ་སྟེ་སེན་,མོ་,ཟངས་ཀྱི་མདོག་ལྟ་,4155,ཤེར་ཕྱིན། ཁ།.txt
བའི་ཐུགས་མངའ་བ་སྟེ་སེན་,མོ་,མདོག་སྣུམ་པ་དང༌,4155,ཤེར་ཕྱིན། ཁ།.txt
མཐོན་པོ་འབྱུང་བ་སྟེ་སེན་,མོ་,མཐོ་བ་ཡིནསྤྱོད་ཚུལ་,4155,ཤེར་ཕྱིན། ཁ།.txt
བ་མི་མངའ་བ་སྟེ་སོར་,མོ་,ཟླུམ་པ་ཡིནདགེ་བའི་,4155,ཤེར་ཕྱིན། ཁ།.txt
ཏུ་བསགས་པ་ཉིད་ཀྱིས་སོར་,མོ་,རྒྱས་པ་དང༌དགེ་,4155,ཤེར་ཕྱིན། ཁ།.txt
གྱིས་ཞུགས་པ་ཉིད་ཀྱིས་སོར་,མོ་,རྣམས་བྱིན་གྱིས་ཕྲ་,4155,ཤེར་ཕྱིན། ཁ།.txt
ཕྱང་བ་ཉིད་དང༌ཆོས་ཟབ་,མོ་,རྟོགས་པ་ཉིད་ཀྱིས་,4155,ཤེར་ཕྱིན། ཁ།.txt
ཉིད་ཀྱི་ཕྱིར་ཕྱག་གི་རི་,མོ་,མདངས་ཡོད་པ་ཉིད་,4155,ཤེར་ཕྱིན། ཁ།.txt
པ་ཉིད་ཀྱིས་ཕྱག་གི་རི་,མོ་,ཟབ་པ་ཉིད་དང༌,4155,ཤེར་ཕྱིན། ཁ།.txt
པ་ཉིད་ཀྱིས་ཕྱག་གི་རི་,མོ་,རིང་བ་ཉིད་དང༌,4155,ཤེར་ཕྱིན། ཁ།.txt
ནི་འདི་ཡིན་ཏེཐུབ་པའི་སེན་,མོ་,ཟངས་མདོག་དང༌་,4156,ཤེར་ཕྱིན། ཁ།.txt
མདོག་སྣུམ་མཐོ་དང་སོར་,མོ་,རྣམས་,4157,ཤེར་ཕྱིན། ཁ།.txt
བོས་རབ་ཏུ་གནོད་པ་ཕྲ་,མོ་,ཡང་ནི་མེད་,4362,ཤེར་ཕྱིན། ཁ།.txt
རིང་,མོ་,ཞིག་ནས་མཐོང་བ་,4367,ཤེར་ཕྱིན། ཁ།.txt
ཀྱང་རིགས་ཀྱི་བུའམརིགས་ཀྱི་བུ་,མོ་,གང་ཤེས་རབ་ཀྱི་,5,ཤེར་ཕྱིན། ཅ།.txt
ཕ་རོལ་ཏུ་ཕྱིན་པ་ཟབ་,མོ་,ཇི་སྐད་དུ་བསྟན་,5,ཤེར་ཕྱིན། ཅ།.txt
རིགས་ཀྱི་བུའམ་རིགས་ཀྱི་བུ་,མོ་,གང་གིས་ཇི་ལྟར་,13,ཤེར་ཕྱིན། ཅ།.txt
ཕ་རོལ་ཏུ་ཕྱིན་པ་ཟབ་,མོ་,འདི་ལ་གནས་ཏེཉི་,13,ཤེར་ཕྱིན། ཅ།.txt
རིགས་ཀྱི་བུའམ་རིགས་ཀྱི་བུ་,མོ་,དེ་དེའི་རྒྱུས་བསོད་,19,ཤེར་ཕྱིན། ཅ།.txt
རིགས་ཀྱི་བུའམ་རིགས་ཀྱི་བུ་,མོ་,གང་གིས་ཤེས་རབ་,22,ཤེར་ཕྱིན། ཅ།.txt
སེམསརིགས་ཀྱི་བུའམ་རིགས་ཀྱི་བུ་,མོ་,དེ་དེའི་རྒྱུས་བསོད་,25,ཤེར་ཕྱིན། ཅ།.txt
ཕ་རོལ་ཏུ་ཕྱིན་པ་ཟབ་,མོ་,འདི་ལ་གནས་ཏེ་,28,ཤེར་ཕྱིན། ཅ།.txt
རིགས་ཀྱི་བུའམ་རིགས་ཀྱི་བུ་,མོ་,གང་དེ་དེའི་རྒྱུས་,32,ཤེར་ཕྱིན། ཅ།.txt
ནརིགས་ཀྱི་བུའམ་རིགས་ཀྱི་བུ་,མོ་,དེའི་བསོད་ནམས་ཆེས་,35,ཤེར་ཕྱིན། ཅ།.txt
སེམསརིགས་ཀྱི་བུའམ་རིགས་ཀྱི་བུ་,མོ་,ཤེས་རབ་ཀྱི་ཕ་,40,ཤེར་ཕྱིན། ཅ།.txt
རིགས་ཀྱི་བུའམ་རིགས་ཀྱི་བུ་,མོ་,དེའི་བསོད་ནམས་ཆེས་,42,ཤེར་ཕྱིན། ཅ།.txt
ཕ་རོལ་ཏུ་ཕྱིན་པ་ཟབ་,མོ་,ལ་སྤྱོད་པ་ཡིན་,133,ཤེར་ཕྱིན། ཅ།.txt
ཕ་རོལ་ཏུ་ཕྱིན་པ་ཟབ་,མོ་,ལ་སྤྱོད་པའོ་,133,ཤེར་ཕྱིན། ཅ།.txt
པ་འདི་ནི་ཤེས་རབ་ཟབ་,མོ་,དང་ལྡན་པ་སྟེའདི་,180,ཤེར་ཕྱིན། ཅ།.txt
སེམས་སུ་འགྱུར་བ་དང༌སྲིང་,མོ་,ལྟ་བུའི་སེམས་སུ་,191,ཤེར་ཕྱིན། ཅ།.txt
འགྱུར་བ་དང༌བུ་དང་བུ་,མོ་,ལྟ་བུའི་སེམས་སུ་,191,ཤེར་ཕྱིན། ཅ།.txt
དེ་ནས་འཁོར་དེར་གངྒཱའི་ལྷ་,མོ་,ཞེས་བྱ་བའི་བུད་,273,ཤེར་ཕྱིན། ཅ།.txt
པུས་,མོ་,གཡས་པའི་ལྷ་ང་,274,ཤེར་ཕྱིན། ཅ།.txt
ལ་བ་དེ་ལོགས་སུ་ཐལ་,མོ་,སྦྱར་བ་བཏུད་ནས་,274,ཤེར་ཕྱིན། ཅ།.txt
པ་གཅིག་ལ་གཟར་ཏེ་པུས་,མོ་,གཡས་པའི་ལྷ་ང་,280,ཤེར་ཕྱིན། ཅ།.txt
ལ་བ་དེ་ལོགས་སུ་ཐལ་,མོ་,སྦྱར་བ་བཏུད་དེབཅོམ་,280,ཤེར་ཕྱིན། ཅ།.txt
སྩལ་བཀུན་དགའ་བོ་གངྒཱའི་ལྷ་,མོ་,ཞེས་བྱ་བའི་སྲིང་,281,ཤེར་ཕྱིན། ཅ།.txt
མ་ཡིན་ཏེཀུན་དགའ་བོ་སྲིང་,མོ་,འདི་ནི་བུད་མེད་,282,ཤེར་ཕྱིན། ཅ།.txt
བོས་གསོལ་པབཅོམ་ལྡན་འདས་སྲིང་,མོ་,འདིས་དེ་བཞིན་གཤེགས་,300,ཤེར་ཕྱིན། ཅ།.txt
བཀའ་སྩལ་པཀུན་དགའ་བོ་སྲིང་,མོ་,འདིས་ནི་དེ་བཞིན་,300,ཤེར་ཕྱིན། ཅ།.txt
དེའི་ཚེ་སྲིང་,མོ་,འདིས་ངའི་ལུང་བསྟན་,303,ཤེར་ཕྱིན། ཅ།.txt
དེཀུན་དགའ་བོ་དེ་ལྟར་སྲིང་,མོ་,འདིས་དེ་བཞིན་གཤེགས་,303,ཤེར་ཕྱིན། ཅ།.txt
བོས་གསོལ་པབཅོམ་ལྡན་འདས་སྲིང་,མོ་,འདི་ནི་བླ་ན་,304,ཤེར་ཕྱིན། ཅ།.txt
ཀུན་དགའ་བོ་སྲིང་,མོ་,འདིས་ནི་བླ་ན་,307,ཤེར་ཕྱིན། ཅ།.txt
པའི་སྒོ་གསུམ་དང༌གནས་ཟབ་,མོ་,དེ་དག་ལ་བརྟག་,360,ཤེར་ཕྱིན། ཅ།.txt
ཞིང༌ཁྱོད་ནི་ཡུལ་ཆེ་གེ་,མོ་,ཞིག་དང༌གྲོང་ཁྱེར་,438,ཤེར་ཕྱིན། ཅ།.txt
ཆེ་གེ་,མོ་,ཞིག་དང༌ཕྱོགས་ཆེ་,438,ཤེར་ཕྱིན། ཅ།.txt
གེ་,མོ་,ཞིག་ནསཡུལ་ཆེ་གེ,438,ཤེར་ཕྱིན། ཅ།.txt
གྲོང་ཁྱེར་ཆེ་གེ་,མོ་,ཞིག་དང༌གྲོང་རྡལ་,439,ཤེར་ཕྱིན། ཅ།.txt
ཆེ་གེ་,མོ་,ཞིག་ཏུ་སྐྱེས་སོ་,439,ཤེར་ཕྱིན། ཅ།.txt
རིགས་ཀྱི་བུའམ་རིགས་ཀྱི་བུ་,མོ་,དེ་དག་གིས་བསྙེན་,470,ཤེར་ཕྱིན། ཅ།.txt
ལ་རིགས་ཀྱི་བུའམརིགས་ཀྱི་བུ་,མོ་,ལ་ལ་ཞིག་གིས་,533,ཤེར་ཕྱིན། ཅ།.txt
རིགས་ཀྱི་བུའམ་རིགས་ཀྱི་བུ་,མོ་,གང་ལ་ལ་ཞིག་,536,ཤེར་ཕྱིན། ཅ།.txt
དག་རིགས་ཀྱི་བུའམརིགས་ཀྱི་བུ་,མོ་,གང་ལ་ལ་ཞིག་,541,ཤེར་ཕྱིན། ཅ།.txt
རིགས་ཀྱི་བུའམརིགས་ཀྱི་བུ་,མོ་,དེ་དེའི་རྒྱུས་བསོད་,542,ཤེར་ཕྱིན། ཅ།.txt
རིགས་ཀྱི་བུའམ་རིགས་ཀྱི་བུ་,མོ་,དེ་དག་ཤེས་རབ་,546,ཤེར་ཕྱིན། ཅ།.txt
ཕ་རོལ་ཏུ་ཕྱིན་པ་ཟབ་,མོ་,འདི་ཉན་ཅིང་འཛིན་,606,ཤེར་ཕྱིན། ཅ།.txt
ཀྱི་བུ་དང་རིགས་ཀྱི་བུ་,མོ་,གང་ལ་ལ་ཞིག་,609,ཤེར་ཕྱིན། ཅ།.txt
རིགས་ཀྱི་བུའམ་རིགས་ཀྱི་བུ་,མོ་,གང་ཤེས་རབ་ཀྱི་,611,ཤེར་ཕྱིན། ཅ།.txt
ཕ་རོལ་ཏུ་ཕྱིན་པ་ཟབ་,མོ་,འདི་མི་གཡེང་བའི་,611,ཤེར་ཕྱིན། ཅ།.txt
ཕ་རོལ་ཏུ་ཕྱིན་པ་ཟབ་,མོ་,འདི་འཛིན་པ་དང༌,613,ཤེར་ཕྱིན། ཅ།.txt
ཕ་རོལ་ཏུ་ཕྱིན་པ་ཟབ་,མོ་,འདི་ལ་དེ་ལྟར་,640,ཤེར་ཕྱིན། ཅ།.txt
ཕ་རོལ་ཏུ་ཕྱིན་པ་ཟབ་,མོ་,འདི་ལ་སྤྱོད་པའི་,640,ཤེར་ཕྱིན། ཅ།.txt
ཕ་རོལ་ཏུ་ཕྱིན་པ་ཟབ་,མོ་,འདི་བསྟན་པའི་ཚེ་,651,ཤེར་ཕྱིན། ཅ།.txt
ཕ་རོལ་ཏུ་ཕྱིན་པ་ཟབ་,མོ་,འདི་བསྟན་པའི་ཚེའདི་,653,ཤེར་ཕྱིན། ཅ།.txt
ཕ་རོལ་ཏུ་ཕྱིན་པ་ཟབ་,མོ་,འདི་མི་ཐོས་སོ་,654,ཤེར་ཕྱིན། ཅ།.txt
ཕ་རོལ་ཏུ་ཕྱིན་པ་ཟབ་,མོ་,འདི་ཐོས་པས་ཅི་,659,ཤེར་ཕྱིན། ཅ།.txt
དེ་ཅིའི་ཕྱིར་ཞེ་ནའཐབ་,མོ་,དང༌འཁྲུག་པ་དང༌,669,ཤེར་ཕྱིན། ཅ།.txt
རིགས་ཀྱི་བུའམ་རིགས་ཀྱི་བུ་,མོ་,ཤེས་རབ་ཀྱི་ཕ་,740,ཤེར་ཕྱིན། ཅ།.txt
རོལ་ཏུ་ཕྱིན་པ་ཟབ་,མོ་,འདི་ལ་སྤྱོད་ཅིང་,740,ཤེར་ཕྱིན། ཅ།.txt
ཕ་རོལ་ཏུ་ཕྱིན་པ་ཟབ་,མོ་,འདི་ཉིད་ལ་བསླབ་,741,ཤེར་ཕྱིན། ཅ།.txt
ཕ་རོལ་ཏུ་ཕྱིན་པ་ཟབ་,མོ་,འདི་ལ་སློབ་པའི་,760,ཤེར་ཕྱིན། ཅ།.txt
ཕ་རོལ་ཏུ་ཕྱིན་པ་ཟབ་,མོ་,འདིར་ཕ་རོལ་ཏུ་,763,ཤེར་ཕྱིན། ཅ།.txt
ཕ་རོལ་ཏུ་ཕྱིན་པ་ཟབ་,མོ་,འདི་ལ་སྤྱོད་པས་,766,ཤེར་ཕྱིན། ཅ།.txt
ཕ་རོལ་ཏུ་ཕྱིན་པ་ཟབ་,མོ་,འདི་ལ་བསླབ་པར་,766,ཤེར་ཕྱིན། ཅ།.txt
ཕ་རོལ་ཏུ་ཕྱིན་པ་ཟབ་,མོ་,འདི་འཛིན་ཅིང་འཆང་,772,ཤེར་ཕྱིན། ཅ།.txt
ནརིགས་ཀྱི་བུའམ་རིགས་ཀྱི་བུ་,མོ་,དེའི་བསོད་ནམས་ཇི་,797,ཤེར་ཕྱིན། ཅ།.txt
པ་དེ་དག་ནི་སྐྲའི་རྩེ་,མོ་,བརྒྱར་གཤེགས་པའི་ཆ་,800,ཤེར་ཕྱིན། ཅ།.txt
ནམ་ཡང་རོ་ཡིད་དུ་,མོ་,འོང་བ་མྱོང་བར་,817,ཤེར་ཕྱིན། ཅ།.txt
ཀྱི་བུ་དང༌རིགས་ཀྱི་བུ་,མོ་,དེ་དག་གིས་བྱང་,821,ཤེར་ཕྱིན། ཅ།.txt
རིགས་ཀྱི་བུའམ་རིགས་ཀྱི་བུ་,མོ་,དེས་བྱང་ཆུབ་སེམས་,824,ཤེར་ཕྱིན། ཅ།.txt
ཏེརིགས་ཀྱི་བུའམ་རིགས་ཀྱི་བུ་,མོ་,གང་གིས་བླ་ན་,855,ཤེར་ཕྱིན། ཅ།.txt
ཕ་རོལ་ཏུ་ཕྱིན་པ་ཟབ་,མོ་,བཤད་པ་ཐོས་ན་,920,ཤེར་ཕྱིན། ཅ།.txt
ཕ་རོལ་ཏུ་ཕྱིན་པ་ཟབ་,མོ་,འདི་དེ་བཞིན་གཤེགས་,920,ཤེར་ཕྱིན། ཅ།.txt
དཔའ་ཆེན་པོ་ནི་དོན་ཟབ་,མོ་,ལ་སྤྱོད་པའོ་,972,ཤེར་ཕྱིན། ཅ།.txt
ཆེན་པོ་དེ་ལྟར་དོན་ཟབ་,མོ་,ལ་སྤྱོད་ཅིང་འདི་,975,ཤེར་ཕྱིན། ཅ།.txt
ལྟ་སྟེ་དཔེར་ནཆུ་ཀླུང་ཕྲ་,མོ་,གང་ཇི་སྙེད་ཅིག་,1029,ཤེར་ཕྱིན། ཅ།.txt
ལྟ་སྟེ་དཔེར་ནཆུ་ཀླུང་ཕྲ་,མོ་,རྣམས་ཀྱི་ཆུ་དང༌,1033,ཤེར་ཕྱིན། ཅ།.txt
ཉིད་ཀྱི་དོན་དུ་ཚིག་རྩུབ་,མོ་,དང༌བརླང་བས་རྟག་,1058,ཤེར་ཕྱིན། ཅ།.txt
སེམས་དཔའ་ཆེན་པོ་ཆོས་ཟབ་,མོ་,འདི་དག་ལ་ནེམ་,1330,ཤེར་ཕྱིན། ཅ།.txt
ཕྲག་པ་གཅིག་ལ་གཟར་ཏེཔུས་,མོ་,གཡས་པའི་ལྷ་ང་,1358,ཤེར་ཕྱིན། ཅ།.txt
དགེ་སློང་དེ་དག་གིས་ཐལ་,མོ་,སྦྱར་ཏེ་བཏུད་པའི་,1359,ཤེར་ཕྱིན། ཅ།.txt
ཕྲག་པ་གཅིག་ཏུ་བྱས་ཏེཔུས་,མོ་,གཡས་པའི་ལྷ་ང་,1364,ཤེར་ཕྱིན། ཅ།.txt
ཀྱི་བུ་དང༌རིགས་ཀྱི་བུ་,མོ་,དེས་འདི་ལྟར་བདག་,1371,ཤེར་ཕྱིན། ཅ།.txt
ཕ་རོལ་ཏུ་ཕྱིན་པ་ཟབ་,མོ་,འདི་རྒྱ་ཆེར་ཐོས་,1371,ཤེར་ཕྱིན། ཅ།.txt
ཕ་རོལ་ཏུ་ཕྱིན་པ་ཟབ་,མོ་,འདི་ལ་སྤྱོད་པ་,1372,ཤེར་ཕྱིན། ཅ།.txt
བོ་རིགས་ཀྱི་བུའམརིགས་ཀྱི་བུ་,མོ་,ལ་ལ་ཞིག་ཤེས་,1372,ཤེར་ཕྱིན། ཅ།.txt
ཕ་རོལ་ཏུ་ཕྱིན་པ་ཟབ་,མོ་,འདི་ཉན་པ་དང༌,1372,ཤེར་ཕྱིན། ཅ།.txt
ཕ་རོལ་ཏུ་ཕྱིན་པ་ཟབ་,མོ་,འདི་སྟོན་ཞིང་རྗེས་,1372,ཤེར་ཕྱིན། ཅ།.txt
ཕ་རོལ་ཏུ་ཕྱིན་པ་ཟབ་,མོ་,འདི་ཐོས་པར་འགྱུརབཟུང་,1372,ཤེར་ཕྱིན། ཅ།.txt
བོ་རིགས་ཀྱི་བུའམརིགས་ཀྱི་བུ་,མོ་,དེས་བདག་གིས་ནི་,1373,ཤེར་ཕྱིན། ཅ།.txt
ཕ་རོལ་ཏུ་ཕྱིན་པ་ཟབ་,མོ་,འདི་ཐོས་པ་མ་,1373,ཤེར་ཕྱིན། ཅ།.txt
རིགས་ཀྱི་བུའམ་རིགས་ཀྱི་བུ་,མོ་,གང་ལ་ལ་ཤེས་,1374,ཤེར་ཕྱིན། ཅ།.txt
རིགས་ཀྱི་བུའམ་རིགས་ཀྱི་བུ་,མོ་,དེས་བདག་ལ་ནི་,1375,ཤེར་ཕྱིན། ཅ།.txt
ཕ་རོལ་ཏུ་ཕྱིན་པ་ཟབ་,མོ་,བསྟན་པ་འདི་ཐོས་,1376,ཤེར་ཕྱིན། ཅ།.txt
རིགས་ཀྱི་བུའམ་རིགས་ཀྱི་བུ་,མོ་,དེ་སྔོན་གྱི་རྒྱལ་,1376,ཤེར་ཕྱིན། ཅ།.txt
རིགས་ཀྱི་བུའམ་རིགས་ཀྱི་བུ་,མོ་,གང་ལ་ལས་དེ་,1377,ཤེར་ཕྱིན། ཅ།.txt
ཕ་རོལ་ཏུ་ཕྱིན་པ་ཟབ་,མོ་,འདི་ཁྱོད་ལ་གཏད་,1378,ཤེར་ཕྱིན། ཅ།.txt
ཕ་རོལ་ཏུ་ཕྱིན་པ་ཟབ་,མོ་,འདི་བཟུང་སྟེཀུན་ཆུབ་,1379,ཤེར་ཕྱིན། ཅ།.txt
ཕ་རོལ་ཏུ་ཕྱིན་པ་ཟབ་,མོ་,འདི་འཛིན་པ་དེས་,1384,ཤེར་ཕྱིན། ཅ།.txt
ཕ་རོལ་ཏུ་ཕྱིན་པ་ཟབ་,མོ་,འདི་གཟུང་བར་བྱ་,1385,ཤེར་ཕྱིན། ཅ།.txt
ཕ་རོལ་ཏུ་ཕྱིན་པ་ཟབ་,མོ་,འདི་བཟུང་སྟེ་བཅངས་,1387,ཤེར་ཕྱིན། ཅ།.txt
ཕ་རོལ་ཏུ་ཕྱིན་པ་ཟབ་,མོ་,འདི་བསྟན་པ་ལ་,1389,ཤེར་ཕྱིན། ཅ།.txt
ཕ་རོལ་ཏུ་ཕྱིན་པ་ཟབ་,མོ་,འདི་ལས་ཚིག་འགའ་,1391,ཤེར་ཕྱིན། ཅ།.txt
ཕ་རོལ་ཏུ་ཕྱིན་པ་ཟབ་,མོ་,འདི་གཏད་པར་བརྩམས་,1392,ཤེར་ཕྱིན། ཅ།.txt
ཕ་རོལ་ཏུ་ཕྱིན་པ་ཟབ་,མོ་,འདི་ཡོངས་སུ་གཏད་,1392,ཤེར་ཕྱིན། ཅ།.txt
ཕ་རོལ་ཏུ་ཕྱིན་པ་ཟབ་,མོ་,འདི་རྣམ་གྲངས་དུ་,1395,ཤེར་ཕྱིན། ཅ།.txt
ཀྱི་བུ་དང་རིགས་ཀྱི་བུ་,མོ་,དེ་ནི་མྱུར་དུ་,1396,ཤེར་ཕྱིན། ཅ།.txt
ཀྱི་བུ་དང༌རིགས་ཀྱི་བུ་,མོ་,དེ་དག་ཐམས་ཅད་,1422,ཤེར་ཕྱིན། ཅ།.txt
ཕ་རོལ་ཏུ་ཕྱིན་པ་ཟབ་,མོ་,འདི་ལས་གང་ལ་,1498,ཤེར་ཕྱིན། ཅ།.txt
ཕ་རོལ་ཏུ་ཕྱིན་པ་ཟབ་,མོ་,འདི་ནི་ཡི་གེ་,1498,ཤེར་ཕྱིན། ཅ།.txt
ཕ་རོལ་ཏུ་ཕྱིན་པ་ཟབ་,མོ་,འདི་ནི་གཟུངས་ཀྱི་,1499,ཤེར་ཕྱིན། ཅ།.txt
ཕ་རོལ་ཏུ་ཕྱིན་པ་ཟབ་,མོ་,འདི་ནི་འདས་པ་,1500,ཤེར་ཕྱིན། ཅ།.txt
ཞེ་གཅོད་པའི་ཚིག་རྩུབ་,མོ་,མི་སྨྲའོཚིག་འཁྱལ་པ་,1619,ཤེར་ཕྱིན། ཅ།.txt
ནས་ཤི་འཕོས་ནས་ཆེ་གེ་,མོ་,ཞིག་ཏུ་སྐྱེས་སོ་,1762,ཤེར་ཕྱིན། ཅ།.txt
ཕ་རོལ་ཏུ་ཕྱིན་པ་ཟབ་,མོ་,འདི་སེ་གོལ་གཏོགས་,2022,ཤེར་ཕྱིན། ཅ།.txt
གལ་ཏེ་རགས་པ་ནི་ཕྲ་,མོ་,བསགས་པ་སྔོན་དུ་,199,ཤེར་ཕྱིན། ཉ།.txt
འདི་ཁོ་ན་རིག་སྔགས་ཆེན་,མོ་,ཞེས་བྱ་ཞེ་ནའདི་,566,ཤེར་ཕྱིན། ཉ།.txt
རབ་རྙེད་པ་ནི་ཡུན་རིང་,མོ་,ཞིག་ནས་ཞུགས་པས་,804,ཤེར་ཕྱིན། ཉ།.txt
བཏང་སྙོམས་སུ་འདུག་ན་རིང་,མོ་,ཞིག་ཏུ་འབྲས་བུ་,845,ཤེར་ཕྱིན། ཉ།.txt
པ་སྤང་བའི་ཕྱིར་ཆོས་ཟབ་,མོ་,ལ་མངོན་པར་དགའ་,945,ཤེར་ཕྱིན། ཉ།.txt
གནས་པ་རྣམས་ནི་ཆོས་ཟབ་,མོ་,ཇི་ལྟར་མཐོང་བ་,949,ཤེར་ཕྱིན། ཉ།.txt
ཆོས་ཟབ་,མོ་,ལ་གོམས་པ་ཡང་,959,ཤེར་ཕྱིན། ཉ།.txt
པ་གོམས་པ་ནི་ཡུན་རིང་,མོ་,ཞིག་ལོན་དུ་ཟིན་,971,ཤེར་ཕྱིན། ཉ།.txt
དེ་ལྟ་བས་ན་ཆོས་ཟབ་,མོ་,ལ་གོམས་པ་ནི་,993,ཤེར་ཕྱིན། ཉ།.txt
ཆོས་ཟབ་,མོ་,ཉིད་བསྟན་པའི་ཕྱིར་,1063,ཤེར་ཕྱིན། ཉ།.txt
བ་ནི་དེའི་མོད་ལ་སྟེརིང་,མོ་,ཞིག་ཏུ་སྤྱད་སྤྱད་,1199,ཤེར་ཕྱིན། ཉ།.txt
སྨག་ཏུ་གྱུར་པ་སྟེ་མཚན་,མོ་,ཞེས་བྱ་བའི་ཐ་,1209,ཤེར་ཕྱིན། ཉ།.txt
སོགས་པ་གསུངས་ཏེདེ་གཉིས་འཐབ་,མོ་,ལ་སོགས་པ་ལ་,1244,ཤེར་ཕྱིན། ཉ།.txt
དག་པར་ན་ཇི་ལྟར་ལྟད་,མོ་,པ་རྣམས་ཀྱིས་དེའི་,1316,ཤེར་ཕྱིན། ཉ།.txt
ང་རྒྱལ་འཛིན་པ་སྟེ་བྲན་,མོ་,ཆུ་ཆུན་བཞིན་དུ་,1524,ཤེར་ཕྱིན། ཉ།.txt
སོགས་པ་འབྱུང་བ་ཡིན་ཏེབྲན་,མོ་,ཆུ་ཆུན་ཞེས་བྱ་,1524,ཤེར་ཕྱིན། ཉ།.txt
བྲན་,མོ་,རྗེ་བོ་དབང་དུ་,1528,ཤེར་ཕྱིན། ཉ།.txt
ཞེས་བྱ་བ་ནི་ཡུན་རིང་,མོ་,ཞིག་ཏུ་སྲིད་པའི་,1542,ཤེར་ཕྱིན། ཉ།.txt
ནི་བདག་གིས་དུས་ཡུན་རིང་,མོ་,འདི་ཁས་བླངས་སོ་,1545,ཤེར་ཕྱིན། ཉ།.txt
ཕྱིར་ཏེདཔེར་ན་ཟོ་ཆུན་ཁྱུད་,མོ་,ལ་,1773,ཤེར་ཕྱིན། ཉ།.txt
